Workbook
Name Slicer_AREA: #N/A
Name Slicer_Delivery1: #N/A
Name Slicer_GATE_IN: #N/A
Name Slicer_Name_ship_to_party: #N/A
Name Slicer_TRUCK_TYPE: #N/A
Name Slicer_Vendor: #N/A

Sheet Aug
B1: DAY | C1: =TODAY() -> 45977
A5: Tanggal | B5: Delivery | C5: Vendor | D5: FO Number | E5: Name ship-to party | F5: Net Weight | G5: Total Weight | H5: Plat NO | I5: Telp
A6: 15/08/2025 | B6: 3331542053 | C6: YUSHAR | D6: 24140085 | E6: PT. KEMASAN INDAH SEJAHTERA | F6: BANTEN | G6: 23317 | H6: B 9253 KYZ | K6: 3331545243 | L6: =VLOOKUP(K6,B:C,2,FALSE) -> HOLD
A7: 15/08/2025 | B7: 3331542063 | C7: YUSHAR | D7: 24140086 | E7: PT. KEMASAN INDAH SEJAHTERA | F7: BANTEN | G7: 23431 | H7: B 9918 KYT | K7: 3331546299 | L7: =VLOOKUP(K7,B:C,2,FALSE) -> BIMARUNA trailer
A8: 15/08/2025 | B8: 3331542354 | C8: YUSHAR | D8: 24140088 | E8: ASADA MITRA PACKINDO, PT | F8: BALARAJA - TANGERANG | G8: 24200 | H8: B 9946 KIT | K8: 3331546331 | L8: =VLOOKUP(K8,B:C,2,FALSE) -> ALIEF bongkar senin
A9: 15/08/2025 | B9: 3331542112 | C9: YUSHAR | D9: 24140089 | E9: PT. KEMASAN INDAH SEJAHTERA | F9: BANTEN | G9: 24731 | H9: B 9398 KYZ | K9: 3331546342 | L9: =VLOOKUP(K9,B:C,2,FALSE) -> #N/A
A10: 15/08/2025 | B10: 3331543113 | C10: YUSHAR | D10: 24140092 | E10: ASADA MITRA PACKINDO, PT | F10: BALARAJA - TANGERANG | G10: 16615 | H10: B 9657 KYZ | K10: 3331547864 | L10: =VLOOKUP(K10,B:C,2,FALSE) -> SIBA
A11: 15/08/2025 | B11: 3331542464 | C11: YUSHAR | D11: 24140090 | E11: PT. KEMASAN INDAH SEJAHTERA | F11: BANTEN | G11: 24731 | H11: B 9026 PFA | K11: 3331547878 | L11: =VLOOKUP(K11,B:C,2,FALSE) -> 0
A12: 18/08/2025 | B12: 3331541998 | C12: YUSHAR | D12: 24140093 | E12: PT.ALKINDO NARATAMA Tbk | F12: KAB. BANDUNG BARAT,JAWA BARAT | G12: 24000 | H12: B 9681 PDC | K12: 3331547881 | L12: =VLOOKUP(K12,B:C,2,FALSE) -> SIBA
A13: 18/08/2025 | B13: 3331542352 | C13: SILOG | D13: 24140094 | E13: PT MULIAPRIMA PACKINDO | F13: BEKASI | G13: 25600 | H13: K 8465 OD | K13: 3331547892 | L13: =VLOOKUP(K13,B:C,2,FALSE) -> ALIEF
A14: 18/08/2025 | B14: 3331544015 | C14: SILOG | D14: 24140095 | E14: PT MULIAPRIMA PACKINDO | F14: BEKASI | G14: 24900 | H14: W 9818 UK | K14: 3331547893 | L14: =VLOOKUP(K14,B:C,2,FALSE) -> PT MALABA
A15: 18/08/2025 | B15: 3331543511 | C15: YUSHAR | D15: 24140096 | E15: ASADA MITRA PACKINDO, PT | F15: BALARAJA - TANGERANG | G15: 25100 | H15: B 9877 UDG | K15: 3331547898 | L15: =VLOOKUP(K15,B:C,2,FALSE) -> 0
A16: 18/08/2025 | B16: 3331544021 | C16: YUSHAR | D16: 24140097 | E16: ASADA MITRA PACKINDO, PT | F16: BALARAJA - TANGERANG | G16: 25000 | H16: B 9345 KYV | K16: 3331547900 | L16: =VLOOKUP(K16,B:C,2,FALSE) -> ALIEF
A17: 18/08/2025 | B17: 3331543465 | C17: ALIEF | D17: 24140098 | E17: PT. KEMASAN INDAH SEJAHTERA | F17: BANTEN | G17: 25372 | H17: B 9996 TIS | K17: 3331547902 | L17: =VLOOKUP(K17,B:C,2,FALSE) -> 0
... A21: 18.08.2025 | B21: 3331544029 | C21: YUSHAR | D21: 24140101 | E21: PT MULTI ARTHA ABADI | F21: TANGERANG | G21: 25162 | H21: B 9946 KIT | K21: 3331548394 | L21: =VLOOKUP(K21,B:C,2,FALSE) -> #N/A
A22: 19/08/2025 | B22: 3331544443 | C22: ALIEF | D22: 24140104 | E22: PT.ALKINDO NARATAMA Tbk | F22: BANDUNG | G22: 22500 | K22: 3331548636 | L22: =VLOOKUP(K22,B:C,2,FALSE) -> #N/A
A23: 19/08/2025 | B23: 3331544442 | C23: SILOG | D23: 24140103 | E23: PT MULIAPRIMA PACKINDO | F23: BEKASI | G23: 26050 | H23: S 9164 UH | K23: 3331548644 | L23: =VLOOKUP(K23,B:C,2,FALSE) -> #N/A
A24: 19/08/2025 | B24: 3331544432 | C24: ALIEF | D24: 24140111 | E24: PT. SETIAJAYA KEMASINDO MADYA | F24: TANGERANG | G24: 25850 | K24: 3331548645 | L24: =VLOOKUP(K24,B:C,2,FALSE) -> #N/A
A25: 19/08/2025 | B25: 3331544436 | C25: SILOG | D25: 24140112 | E25: PT. SETIAJAYA KEMASINDO MADYA | F25: TANGERANG | G25: 24850 | K25: 3331548760 | L25: =VLOOKUP(K25,B:C,2,FALSE) -> #N/A
A26: 19/08/2025 | B26: 3331544144 | C26: YUSHAR | D26: 24140107 | E26: MULTI ARTHA ABADI, PT | F26: TANGERANG | G26: 25950 | H26: KB 8001 HC | K26: 3331548761 | L26: =VLOOKUP(K26,B:C,2,FALSE) -> #N/A
A27: 19/08/2025 | B27: 3331544416 | C27: SILOG | D27: 24140113 | E27: PT MULTI ARTHA ABADI | F27: TANGERANG | G27: 20150
A28: 19/08/2025 | B28: 3331544154 | C28: YUSHAR | D28: 24140108 | E28: PT. ADINA MULTI WAHANA | F28: TANGERANG | G28: 25400
A29: 19/08/2025 | B29: 3331543467 | C29: YUSHAR | D29: 24140109 | E29: PT. KEMASAN INDAH SEJAHTERA | F29: TANGERANG | G29: 23758
A30: 19/08/2025 | B30: 3331544483 | C30: SILOG | D30: 24140106 | E30: PT. TRISTAR MAKMUR KARTONINDO, GD | F30: BEKASI | G30: 21100
A31: 19/08/2025 | B31: 3331544464 | C31: ETI | D31: 24140105 | E31: ASADA MITRA PACKINDO, PT | F31: KARAWACI - TANGERANG | G31: 21600
A32: 19/08/2025 | B32: 3331544444 | C32: ALIEF | D32: 24140110 | E32: ASADA MITRA PACKINDO, PT | F32: KARAWACI - TANGERANG | G32: 19372 | H32: B 9996 TIS
A33: 45889 | B33: 3331544464 | C33: Yushar | D33: 24140105 | E33: ASADA MITRA PACKINDO, PT | F33: BALARAJA | G33: 21708 | H33: B 9841 FYV | I33: 85607439827
A34: 45889 | B34: 3331544029 | C34: alief | D34: 24140102 | E34: PT. ADINA MULTI WAHANA | F34: TANGERANG | G34: 25125 | H34: B 9697 WW | I34: =IFERROR(VLOOKUP(B33, '[1]Status MLS'!K:K,8, FALSE), "")
A35: 45889 | B35: 3331544154 | C35: Transindo | D35: 24140108 | E35: PT. ADINA MULTI WAHANA | F35: TANGERANG | G35: 25527 | H35: B 9947 NU
A36: 45889 | B36: 3331543467 | C36: CGL | D36: 24140109 | E36: PT. KEMASAN INDAH SEJAHTERA | F36: CIKUPA | G36: 23900.548 | H36: B 9086 PYX
A37: 45889 | B37: 3331544432 | C37: silog | D37: 24140111 | E37: PT. SETIAJAYA KEMASINDO MADYA | F37: TANGERANG | G37: 25979.25 | H37: S 9843 UE | I37: 838962631
A38: 45889 | B38: 3331544436 | C38: silog | D38: 24140112 | E38: PT. SETIAJAYA KEMASINDO MADYA | F38: TANGERANG | G38: 24974.25 | H38: S 8875 UE | I38: 81345383250
A39: 45889 | B39: 3331544443 | C39: eti | D39: 24140104 | E39: PT.ALKINDO NARATAMA Tbk | F39: BANDUNG | G39: 22612.5 | H39: B 9755 UYZ
A40: 45889 | B40: 3331544776 | C40: cgl | D40: 24140115 | E40: PT. KEMASAN INDAH SEJAHTERA | F40: CIKUPA | G40: 22527.358 | H40: B 9083 PYX | I40: 89527267983
A41: 45889 | B41: 3331544783 | C41: alief | D41: 24140117 | E41: PT MULIAPRIMA PACKINDO | F41: CIKARANG | G41: 26582.25 | H41: B 9165 TIW
A42: 45889 | B42: 3331544483 | C42: silog | D42: 24140106 | E42: PT. TRISTAR MAKMUR KARTONINDO, GD | F42: BEKASI | G42: 20958.27
A43: 45889 | B43: 3331544937 | C43: alief | D43: 24140118 | E43: PT. GLOBAL PAPYRUS SEMESTA | F43: KAB. BANDUNG | G43: 23969.25 | H43: B 9166 TIW
A44: 45890 | B44: 3331545151 | C44: silog | D44: 24140119 | E44: MULTI ARTHA ABADI, PT | F44: TANGERANG | G44: 25750 | H44: S 8818 UE | I44: 8776217011
A45: 45890 | B45: 3331545152 | C45: silog | D45: 24140120 | E45: MULTI ARTHA ABADI, PT | F45: TANGERANG | G45: 25875 | H45: S 8817 UE | I45: TIDAK ADA
A46: 45890 | B46: 3331544804 | C46: silog | D46: 24140123 | E46: PT MULIAPRIMA PACKINDO | F46: BEKASI | G46: 25728 | H46: S 8425 OD | I46: TIDAK ADA
A47: 45890 | B47: 3331545170 | C47: alief | D47: 24140121 | E47: PT. KEMASAN INDAH SEJAHTERA | F47: TANGERANG | G47: 24923.65 | H47: B 9169 TIW | I47: TIDAK ADA
A48: 45890 | B48: 3331545191 | C48: CGL | D48: 24140122 | E48: PT. KEMASAN INDAH SEJAHTERA | F48: TANGERANG | G48: 22710.45 | H48: B 9087 PYX | I48: TIDAK ADA
A49: 45890 | B49: 3331545194 | C49: RPK (wb) | D49: 24140125 | E49: PT. SETIAJAYA KEMASINDO MADYA | F49: TANGERANG | G49: 25722.975 | H49: T 8034 EL | I49: TIDAK ADA
A50: 45890 | B50: 3331545205 | C50: silog | D50: 24140126 | E50: PT. SETIAJAYA KEMASINDO MADYA | F50: TANGERANG | G50: 14321.25 | H50: K 8386 OD | I50: TIDAK ADA
A51: 45890 | B51: 3331545206 | G51: 11256 | I51: TIDAK ADA
A52: 45890 | B52: 3331544967 | C52: ALIEF | D52: 24140124 | E52: PT. GLOBAL PAPYRUS SEMESTA | F52: BANDUNG | G52: 23883.55 | H52: B 9167 TIW | I52: TIDAK ADA
A53: 45890 | B53: 3331545290 | C53: ALIEF | D53: 24140127 | E53: PT.HEXA PRIMA PERSADA | F53: TANGERANG | G53: 25587.3 | H53: B 9165 TIW | I53: TIDAK ADA
A54: 45890 | B54: 3331545326 | C54: silog | D54: 24140128 | E54: PT MULIAPRIMA PACKINDO | F54: BEKASI | G54: 25728 | H54: S 8879 UE | I54: 81311397304
A55: 45891 | B55: 3331545514 | C55: SILOG | D55: 24140129 | E55: PT MULIAPRIMA PACKINDO | F55: BONGKAR SABTU 23.08 | G55: 24.08 | H55: S 8925 UE
A56: 45891 | B56: 3331545515 | C56: SILOG | D56: 24140130 | E56: PT MULIAPRIMA PACKINDO | F56: BONGKAR SABTU 23.08 | G56: 24 | H56: S 8839 UE
A57: 45891 | B57: 3331545517 | C57: ALIEF | D57: 24140131 | E57: PT MULIAPRIMA PACKINDO | F57: BONGKAR SENIN | G57: =VLOOKUP(B57,#REF!,2,0) -> #REF!
A58: 45891 | B58: 3331545521 | C58: ALIEF | D58: 24140132 | E58: PT MULIAPRIMA PACKINDO | F58: BONGKAR SENIN | G58: =VLOOKUP(B58,#REF!,2,0) -> #REF!
A59: 45891 | B59: 3331544770 | C59: SILOG | D59: 24140133 | E59: PT. KEMASAN INDAH SEJAHTERA | F59: BONGKAR SENIN | G59: =VLOOKUP(B59,#REF!,2,0) -> #REF!
A60: 45891 | B60: 3331545166 | C60: SILOG | D60: 24140134 | E60: PT. KEMASAN INDAH SEJAHTERA | F60: BONGKAR SENIN | G60: =VLOOKUP(B60,#REF!,2,0) -> #REF!
A61: 45891 | B61: 3331545243 | C61: HOLD | D61: 24140135 | E61: PT. HEXA PRIMA PERSADA | F61: HOLD | G61: =VLOOKUP(B61,#REF!,2,0) -> #REF!
A62: 45891 | B62: 3331545535 | C62: HOLD | D62: 24140136 | E62: PT. HEXA PRIMA PERSADA | F62: HOLD | G62: =VLOOKUP(B62,#REF!,2,0) -> #REF!
A63: 45891 | B63: 3331545539 | C63: TRANSINDO BOOKED | D63: 24140137 | E63: PT. SETIAJAYA KEMASINDO MADYA | F63: BONGKAR SENIN | G63: =VLOOKUP(B63,#REF!,2,0) -> #REF!
A64: 45891 | B64: 3331545567 | C64: ALIEF KONTRAK BOOKED | D64: 24140138 | E64: PT. SETIAJAYA KEMASINDO MADYA | F64: BONGKAR SENIN | G64: =VLOOKUP(B64,#REF!,2,0) -> #REF!
A65: 45891 | B65: 3331545138 | C65: ALIEF KONTRAK BOOKED | D65: 24140141 | E65: PT MULTI ARTHA ABADI | F65: BONGKAR SENIN | G65: =VLOOKUP(B65,#REF!,2,0) -> #REF!
A66: 45891 | B66: 3331545624 | E66: PT MULTI ARTHA ABADI | F66: BONGKAR SENIN | G66: =VLOOKUP(B66,#REF!,2,0) -> #REF!
A67: 45891 | B67: 3331545708 | C67: YUSHAR (TRAILER) | D67: 24140142 | E67: PT. CAKRAWALA CEMERLANG BOX(MOJOKERTO) | F67: BONGKAR SENIN | G67: =VLOOKUP(B67,#REF!,2,0) -> #REF! | H67: B9684SEH
A68: 45891 | B68: 3331545723 | C68: SILOG (TAILER) | D68: 24140144 | E68: PT. CAKRAWALA CEMERLANG BOX(MOJOKERTO) | F68: BONGKAR SELASA | G68: =VLOOKUP(B68,#REF!,2,0) -> #REF! | H68: S 9392 UH | I68: 85603924893
A69: 45891 | B69: 3331545744 | C69: YUSHAR (TRONTON) | D69: 24140145 (sisa 9 ton) | E69: JAWASURYA KENCANAINDAH, PT (SEMARANG) | F69: BONGKAR SELASA | G69: =VLOOKUP(B69,#REF!,2,0) -> #REF!
A70: 45891 | B70: 3331545754 | C70: HOLD | D70: HOLD | E70: JAWASURYA KENCANAINDAH, PT (SEMARANG) | F70: HOLD | G70: 31525
A71: 45891 | B71: 3331545764 | C71: Silog lossbak | D71: 24140147 GB | E71: JAWASURYA KENCANAINDAH, PT (SEMARANG) | F71: BONGKAR SENIN | G71: =VLOOKUP(B71,#REF!,2,0) -> #REF!
A72: 45891 | B72: 3331545767 | C72: YUSHAR (TRAILER) | D72: 24140148 | E72: PT ANUGRAH ANEKA BOX (JAWA TIMUR GRESIK) | F72: BONGKAR SENIN | G72: =VLOOKUP(B72,#REF!,2,0) -> #REF!
A73: 45891 | B73: 3331545777 | C73: SILOG (TAILER) | D73: 24140149 | E73: PT ANUGRAH ANEKA BOX (JAWA TIMUR GRESIK) | F73: BONGKAR SELASA | G73: =VLOOKUP(B73,#REF!,2,0) -> #REF!
A74: 45892 | B74: 3331545991 | C74: Alief | D74: 24140150 | E74: KIS | G74: =VLOOKUP(B74,#REF!,2,0) -> #REF!
A75: 45892 | B75: 3331545992 | C75: Alief | D75: 24140151 | E75: KIS | G75: =VLOOKUP(B75,#REF!,2,0) -> #REF!
A76: 45892 | B76: 3331545994 | C76: Alief | D76: 24140152 | E76: KIS | G76: =VLOOKUP(B76,#REF!,2,0) -> #REF!
A77: 45892 | B77: 3331546005 | C77: Alief | D77: 24140153 | E77: KIS | G77: =VLOOKUP(B77,#REF!,2,0) -> #REF!
A78: 45892 | B78: 3331545982 | C78: Alief | D78: 24140154 | E78: SKM | G78: =VLOOKUP(B78,#REF!,2,0) -> #REF!
A79: 45892 | B79: 3331546014 | C79: Alief | D79: 24140155 | E79: SKM | G79: =VLOOKUP(B79,#REF!,2,0) -> #REF!
A80: 45892 | B80: 3331546016 | G80: =VLOOKUP(B80,#REF!,2,0) -> #REF!
A81: 45892 | B81: 3331545549 | C81: Silog | D81: 24140156 | E81: SKM | G81: 25
A82: 45892 | B82: 3331545978 | C82: Silog | D82: 24140157 | E82: SKM | G82: =VLOOKUP(B82,#REF!,2,0) -> #REF!
A83: 45894 | B83: 3331546274 | C83: Silog | D83: 24140158 | E83: KIS TANGERANG | G83: 25859 | H83: S 8875 UE | I83: =VLOOKUP(B83,#REF!,2,FALSE) -> #REF!
A84: 45894 | B84: 3331546276 | C84: RPK | D84: 24140159 | E84: KIS TANGERANG | G84: 20100 | H84: T 8034 EL | I84: =VLOOKUP(B84,#REF!,2,FALSE) -> #REF!
A85: 45894 | B85: 3331546393 | C85: DUNEX WB | D85: 24140183 | E85: PT. PARAMITRA GUNAKARYA CEMERLANG | G85: 22000 | H85: B 9105 UEV | I85: =VLOOKUP(B85,#REF!,2,FALSE) -> #REF!
A86: 45894 | B86: 3331546308 | C86: CGL | D86: 24140161 | E86: PT. KATI KARTIKA MURNI | G86: 25550 | H86: B 9083 PYX | I86: =VLOOKUP(B86,#REF!,2,FALSE) -> #REF!
A87: 45894 | B87: 3331546311 | C87: ELANG | D87: 24140162 | E87: PT. KATI KARTIKA MURNI | G87: 25800 | I87: =VLOOKUP(B87,#REF!,2,FALSE) -> #REF!
A88: 45894 | B88: 3331546411 | C88: DUNEX WB | D88: 24140186 | E88: PT. PARAMITRA GUNAKARYA CEMERLANG | G88: 25725 | H88: B 9969 UEV | I88: =VLOOKUP(B88,#REF!,2,FALSE) -> #REF!
A89: 45894 | B89: 3331546387 | C89: ALIEF | D89: 24140182 | E89: PT. PARAMITRA GUNAKARYA CEMERLANG | G89: 23100 | I89: =VLOOKUP(B89,#REF!,2,FALSE) -> #REF!
A90: 45894 | B90: 3331546395 | C90: DUNEX | D90: 24140184 | E90: PT. PARAMITRA GUNAKARYA CEMERLANG | G90: 21950 | I90: =VLOOKUP(B90,#REF!,2,FALSE) -> #REF!
A91: 45894 | B91: 3331546346 | C91: Silog | D91: 24140176 | E91: PT. KATI KARTIKA MURNI | G91: 21950 | I91: =VLOOKUP(B91,#REF!,2,FALSE) -> #REF!
A92: 45894 | B92: 3331546505 | C92: ALIEF | D92: 24140190 | E92: MULTI ARTHA | G92: 25250 | I92: =VLOOKUP(B92,#REF!,2,FALSE) -> #REF!
A93: 45894 | B93: 3331546530 | C93: ALIEF | D93: 24140191 | E93: MULTI ARTHA | G93: 25250 | I93: =VLOOKUP(B93,#REF!,2,FALSE) -> #REF!
A94: 45894 | B94: 3331546535 | C94: ALIEF | D94: 24140192 | E94: MULTI ARTHA | G94: 24624 | I94: =VLOOKUP(B94,#REF!,2,FALSE) -> #REF!
A95: 45894 | B95: 3331546356 | C95: Silog | D95: 24140173 | E95: PT. KATI KARTIKA MURNI | G95: 23085 | I95: =VLOOKUP(B95,#REF!,2,FALSE) -> #REF!
A96: 45894 | B96: 3331546338 | I96: =VLOOKUP(B96,#REF!,2,FALSE) -> #REF!
A97: 45894 | B97: 3331546379 | C97: DUNEX WB | D97: 24140177 | E97: PT. PARAMITRA GUNAKARYA CEMERLANG | G97: 23270 | I97: =VLOOKUP(B97,#REF!,2,FALSE) -> #REF!
A98: 45894 | B98: 3331546388 | C98: ELANG | D98: 24140178 | E98: PT. PARAMITRA GUNAKARYA CEMERLANG | G98: 23270 | I98: =VLOOKUP(B98,#REF!,2,FALSE) -> #REF!
A99: 45894 | B99: 3331546380 | C99: DUNEX WB | D99: 24140179 | E99: PT. PARAMITRA GUNAKARYA CEMERLANG | G99: 23270 | I99: =VLOOKUP(B99,#REF!,2,FALSE) -> #REF!
A100: 45894 | B100: 3331546402 | C100: ALIEF kontrak | D100: 24140180 | E100: PT. PARAMITRA GUNAKARYA CEMERLANG | G100: 24575 | I100: =VLOOKUP(B100,#REF!,2,FALSE) -> #REF!
A101: 45894 | B101: 3331546383 | C101: RPK | D101: 24140181 | E101: PT. PARAMITRA GUNAKARYA CEMERLANG | G101: 23670 | I101: =VLOOKUP(B101,#REF!,2,FALSE) -> #REF!
A102: 45894 | B102: 3331546407 | C102: CGL | D102: 24140185 | E102: PT. PARAMITRA GUNAKARYA CEMERLANG | G102: 24575 | I102: =VLOOKUP(B102,#REF!,2,FALSE) -> #REF!
A103: 45894 | B103: 3331546445 | C103: TRAILER | D103: 24140189 | E103: PT. CAKRAWALA CEMERLANG BOX | G103: 40320
A104: 45894 | B104: 3331545744 | C104: SILOG | D104: 24140188 | E104: JAWASURYA KENCANAINDAH, PT | G104: 39600
A105: 45895 | B105: 3331546306 | C105: ALIEF | D105: 24140160 | E105: PT. KATI KARTIKA MURNI | G105: 21700
A106: 45895 | B106: 3331546379 | C106: DUNEX | D106: 24140177 | E106: PT. PARAMITRA GUNAKARYA CEMERLANG | G106: 23270
...

Sheet SEP  (2)
I1: *PLAN | J1: =J2+J3 -> 21 | K1: *AKTUAL | L1: =SUM(L2:L7) -> 19
A2: DATE | B2: =TODAY() -> 45977 | E2: AREA | F2: QTY TRUCK | G2: TONASE (MT) | I2: TRAILER | J2: =SUMIF(H61:I1036, "TRAILER", I61:J1035) -> 11 | K2: SILOG | L2: =COUNTIF(C60:C1018,"SILOG") -> 7
A3: TRUCK PLAN | B3: =SUM(I61:I114) -> 21 | E3: JABODETABEK | F3: =COUNTIF(F61:F1037, "JABODETABEK") -> 10 | G3: =SUMIF(F61:F1037, "JABODETABEK", G38:G1037) -> 345166.65 | I3: TRONTON | J3: =SUMIF(H61:I1037, "TRONTON", I61:J1036) -> 10 | K3: SIBA | L3: =COUNTIF(C61:C1019,"SIBA") -> 1
A4: TRUCK AVAILABLE | B4: =SUM(J61:J165) -> 19 | C4: *Sudah terkonfirmasi | E4: JAWA TENGAH | F4: =COUNTIF($F$61:F1038, "JAWA TENGAH") -> 9 | G4: =SUMIF(F61:F1038, "JAWA TENGAH", G38:G1037) -> 246666.17 | K4: YUSHAR | L4: =COUNTIF(C61:C1019,"YUSHAR") -> 1
A5: MASUK | B5: {=SUMPRODUCT(--(ISNUMBER(K61:K1014)))} -> 1 | E5: JAWA TIMUR | F5: =COUNTIF($F$61:F1039, "JAWA TIMUR") -> 2 | G5: =SUMIF(F61:F1039, "JAWA TIMUR", G39:G1038) -> 85371.335 | K5: BRJ | L5: =COUNTIF(C61:C1019,"BRJ") -> 4
A6: BELUM MASUK | B6: =COUNTIF(K60:K1014,"BELUM MASUK") -> 20 | E6: TOTAL PLAN | F6: =SUM(F3:F5) -> 21 | G6: =SUM(G3:G5) -> 677204.16 | K6: ALIEF | L6: =COUNTIF(C62:C1020,"ALIEF") -> 3
A7: KEKURANGAN TRUCK | B7: =B3-B4 -> 2 | C7: *2 TRAILER | K7: ELANG | L7: =COUNTIF(C63:C1021,"ELANG") -> 3
A9: Tanggal | B9: Delivery | C9: Vendor | D9: SN | E9: Name ship-to party | F9: AREA | G9: TOTAL WEIGHT | H9: TRUCK TYPE | I9: QTY KEBUTUHAN | J9: KETERSEDIAAN | K9: GATE IN | L9: GATE OUT
A10: 01.09.2025 | B10: 3331548306 | C10: ETI | D10: 24140272 | E10: PT. KATI KARTIKA MURNI CIKARANG | F10: JABODETABEK | G10: 25 | H10: TRONTON | I10: 1 | J10: 1
A11: 01.09.2025 | B11: 3331548307 | C11: CGL | D11: 24140273 | E11: PT. KATI KARTIKA MURNI CIKARANG | F11: JABODETABEK | G11: 25 | H11: TRONTON | I11: 1 | J11: 1
A12: 01.09.2025 | B12: 3331547906 | C12: ALIEF | D12: 24140274 | E12: PT. DAYACIPTA KEMASINDO (GD) KARAWANG | F12: JABODETABEK | G12: 25 | H12: TRONTON | I12: 1 | J12: 1
A13: 01.09.2025 | B13: 3331548297 | C13: ALIEF | D13: 24140275 | E13: PT. DAYACIPTA KEMASINDO (GD) KARAWANG | F13: JABODETABEK | G13: 25 | H13: TRONTON | I13: 1 | J13: 1
A14: 02.09.2025 | B14: 3331548390 | C14: ALIEF | D14: 24140284 | E14: PT. DAYACIPTA KEMASINDO (GD) | F14: JABODETABEK | G14: 25 | H14: TRONTON | I14: 1 | J14: 1
A15: 02.09.2025 | B15: 3331548324 | C15: ETI | D15: 24140281 | E15: PT. APP PURINUSA EKAPERSADA SUBANG | F15: JABODETABEK | G15: 25 | H15: TRONTON | I15: 1 | J15: 1
A16: 01.09.2025 | B16: 3331548346 | E16: PT. APP PURINUSA EKAPERSADA | F16: JABODETABEK | G16: 25 | H16: TRONTON | I16: 1 | J16: 1
A17: 01.09.2025 | B17: 3331548331 | C17: CGL | D17: 24140277 | E17: PT. APP PURINUSA EKAPERSADA SUBANG | F17: JABODETABEK | G17: 25 | H17: TRONTON | I17: 1 | J17: 1
A18: 01.09.2025 | B18: 3331548348 | C18: ALIEF | D18: 24140279 | E18: PT. APP PURINUSA EKAPERSADA BANDUNG | F18: JABODETABEK | G18: 25 | H18: TRONTON | I18: 1 | J18: 1
A19: 01.09.2025 | B19: 3331548351 | C19: SILOG | D19: 24140280 | E19: DAYACIPTA KEMASINDO, PT (GD) Cibitung | F19: JABODETABEK | G19: 25 | H19: TRONTON | I19: 1 | J19: 1
A20: 02.09.2025 | B20: 3331548298 | C20: SILOG | D20: 24140282 | E20: PT DAYACIPTA KEMASINDO TANGERANG | F20: JABODETABEK | G20: 25 | H20: TRONTON | I20: 1 | J20: 1
A21: 01.09.2025 | B21: 3331547489 | C21: ALIEF | D21: 24140283 | E21: MULTI ARTHA ABADI, PT | F21: JABODETABEK | G21: 25 | H21: TRONTON | I21: 1 | J21: 1
A22: 01.09.2025 | B22: 3331548380 | E22: MULTI ARTHA ABADI, PT | F22: JABODETABEK | G22: 25 | H22: TRONTON | I22: 1 | J22: 1
A23: 02.09.2025 | B23: 3331548645 | C23: ALIEF | D23: 24140302 | E23: PT.SANTOSO JAWI (GD) SIDOARJO | F23: JAWA TIMUR | G23: 26525 | H23: TRONTON | I23: 1 | J23: 1
A24: 02.09.2025 | B24: 3331548670 | C24: ALIEF | D24: 24140304 | E24: PT. APP PURINUSA EKAPERSADA BANDUNG | F24: JABODETABEK | G24: 13000 | H24: TRONTON | I24: 1 | J24: 1
A25: 02.09.2025 | B25: 3331548667 | C25: ALIEF | E25: PT. APP PURINUSA EKAPERSADA | F25: JABODETABEK | G25: 11348 | H25: TRONTON | I25: 1 | J25: 1
A26: 02.09.2025 | B26: 3331548673 | C26: ALIEF | D26: 24140290 | E26: PT. KATI KARTIKA MURNI CIKARANG | F26: JABODETABEK | G26: 24763 | H26: TRONTON | I26: 1 | J26: 1
A27: 02.09.2025 | B27: 3331548675 | C27: ALIEF | D27: 24140291 | E27: PT. APP PURINUSA EKAPERSADA | F27: JABODETABEK | G27: 22060 | H27: TRONTON | I27: 1 | J27: 1
A28: 01.09.2025 | B28: 3331548333 | C28: ALIEF | D28: 24140295 | E28: PT. APP PURINUSA EKAPERSADA | F28: JABODETABEK | G28: 22060 | H28: TRONTON | I28: 1 | J28: 1
A29: 02.09.2025 | B29: 3331548732 | C29: BRJ | D29: 24140296 | E29: PT. APP PURINUSA EKAPERSADA DEMAK | F29: JAWA TENGAH | G29: 33872 | H29: TRAILER | I29: 1 | J29: 1
A30: 02.09.2025 | B30: 3331548736 | C30: BRJ | D30: 24140297 | E30: PT. APP PURINUSA EKAPERSADA DEMAK | F30: JAWA TENGAH | G30: 44529 | H30: TRAILER | I30: 1 | J30: 1
A31: 02.09.2025 | B31: 3331548741 | C31: BRJ | D31: 24140298 | E31: PT. APP PURINUSA EKAPERSADA DEMAK | F31: JAWA TENGAH | G31: 45726 | H31: TRAILER | I31: 1 | J31: 1
A32: 02.09.2025 | B32: 3331548746 | C32: BRJ | D32: 24140299 | E32: PT. APP PURINUSA EKAPERSADA SEMARANG | F32: JAWA TENGAH | G32: 37035 | H32: TRAILER | I32: 1 | J32: 1
A33: 02.09.2025 | B33: 3331548749 | C33: BRJ | D33: 24140300 | E33: PT. APP PURINUSA EKAPERSADA SEMARANG | F33: JAWA TENGAH | G33: 33812 | H33: TRAILER | I33: 1 | J33: 1
A34: 02.09.2025 | B34: 3331548756 | C34: SIBA | D34: 24140301 | E34: PT. APP PURINUSA EKAPERSADA SEMARANG | F34: JAWA TENGAH | G34: 34290 | H34: TRAILER | I34: 1 | J34: 1
A35: 02.09.2025 | B35: 3331548760 | C35: ALIEF | D35: 24140303 | E35: PT. KEMASAN INDAH SEJAHTERA | F35: JABODETABEK | G35: 13963 | H35: TRONTON | I35: 1 | J35: 1
A36: 02.09.2025 | B36: 3331548761 | E36: PT. KEMASAN INDAH SEJAHTERA | F36: JABODETABEK | G36: 10480 | H36: TRONTON | I36: 1 | J36: 1
A37: 02.09.2025 | B37: 3331548736 | C37: BRJ | D37: 24140297 | E37: PT. APP PURINUSA EKAPERSADA DEMAK | F37: JAWA TENGAH | G37: 44529 | H37: TRAILER | I37: 1 | J37: 1 | K37: 0.17986111 | L37: 0.44444444
A38: 02.09.2025 | B38: 3331548749 | C38: ETI | D38: 24140300 | E38: PT. APP PURINUSA EKAPERSADA BAWEN | F38: JAWA TENGAH | G38: 35775.372 | H38: TRAILER | I38: 1 | J38: 1 | K38: =IFERROR(VLOOKUP(B38,'IN OUT'!F:G,2,FALSE), "BELUM MASUK") -> BELUM MASUK | L38: 0.090277778
A39: 02.09.2025 | B39: 3331548756 | C39: SIBA SURYA | D39: 24140301 | E39: PT. APP PURINUSA EKAPERSADA | F39: JAWA TENGAH | G39: 34495.741 | H39: TRAILER | I39: 1 | J39: 1 | K39: =IFERROR(VLOOKUP(B39,'IN OUT'!F:G,2,FALSE), "BELUM MASUK") -> BELUM MASUK | L39: -
A40: 03.09.2025 | B40: 3331548394 | C40: ALIEF | D40: 24140305 | E40: PT. HEXA PRIMA PERSADA TGR | F40: JABODETABEK | G40: 26626.47 | H40: TRONTON | I40: 1 | J40: 1 | K40: =IFERROR(VLOOKUP(B40,'IN OUT'!F:G,2,FALSE), "BELUM MASUK") -> BELUM MASUK | L40: 0.84027778
A41: 03.09.2025 | B41: 3331548958 | C41: BRJ | D41: 24140306 | E41: PT. APP PURINUSA EKAPERSADA DEMAK | F41: JAWA TENGAH | G41: 42969.278 | H41: TRAILER | I41: 1 | J41: 1 | K41: =IFERROR(VLOOKUP(B41,'IN OUT'!F:G,2,FALSE), "BELUM MASUK") -> BELUM MASUK | L41: -
A42: 03.09.2025 | B42: 3331548967 | C42: SIBA SURYA | D42: 24140307 | E42: PT. APP PURINUSA EKAPERSADA DEMAK | F42: JAWA TENGAH | G42: 43071.89 | H42: TRAILER | I42: 1 | J42: 1 | K42: 0.71081019 | L42: 0.0625
A43: 03.09.2025 | B43: 3331548968 | C43: YUSHAR | D43: 24140309 | E43: PT. APP PURINUSA EKAPERSADA BAWEN | F43: JAWA TENGAH | G43: 32961.59 | H43: TRAILER | I43: 1 | J43: 1 | K43: =IFERROR(VLOOKUP(B43,'IN OUT'!F:G,2,FALSE), "BELUM MASUK") -> BELUM MASUK | L43: -
A44: 03.09.2025 | B44: 3331548969 | C44: BRJ | D44: 24140310 | E44: PT. APP PURINUSA EKAPERSADA BAWEN | F44: JAWA TENGAH | G44: 34967.554 | H44: TRAILER | I44: 1 | J44: 0 | K44: =IFERROR(VLOOKUP(B44,'IN OUT'!F:G,2,FALSE), "BELUM MASUK") -> BELUM MASUK | L44: -
A45: 03.09.2025 | B45: 3331547878 | C45: BRJ | D45: 24140311 | E45: JAWASURYA KENCANAINDAH, PT SEMARANG | F45: JAWA TENGAH | G45: 42299.445 | H45: TRAILER | I45: 1 | J45: 0 | K45: =IFERROR(VLOOKUP(B45,'IN OUT'!F:G,2,FALSE), "BELUM MASUK") -> BELUM MASUK | L45: -
A46: 03.09.2025 | B46: 3331549001 | C46: BRJ | D46: 24140312 | E46: PT. CAKRAWALA CEMERLANG BOX MOJOKERTO | F46: JAWA TIMUR | G46: 40818.075 | H46: TRAILER | I46: 1 | J46: 0 | K46: 0.20208333 | L46: -
A47: 03.09.2025 | B47: 3331549014 | C47: SILOG | D47: 24140313 | E47: PT. GLOBAL PAPYRUS SEMESTA | F47: JABODETABEK | G47: 22104.975 | H47: TRONTON | I47: 1 | J47: 1 | K47: 0.69403935 | L47: -
A48: 03.09.2025 | B48: 3331549063 | G48: 2026.08 | H48: TRONTON | L48: -
A49: 03.09.2025 | B49: 3331549019 | C49: SILOG | D49: 24140314 | E49: PT. APP PURINUSA EKAPERSADA SBG | F49: JABODETABEK | G49: 20301.08 | H49: TRONTON | I49: 1 | J49: 1 | K49: 0.8262037 | L49: -
A50: 03.09.2025 | B50: 3331549073 | C50: ALIEF | D50: 24140315 | E50: PT. APP PURINUSA EKAPERSADA BDG | F50: JABODETABEK | G50: 26098.658 | H50: TRONTON | I50: 1 | J50: 1 | K50: 0.75359954 | L50: -
A51: 03.09.2025 | B51: 3331549101 | C51: SIBA SURYA | D51: 24140316 | E51: PT. CAKRAWALA CEMERLANG BOX | F51: JAWA TIMUR | G51: 46276.201 | H51: TRAILER | I51: 1 | J51: 1 | K51: 0.95194444 | L51: -
A52: 03.09.2025 | B52: 3331549149 | C52: TRANSINDO | D52: 24140318 | E52: MULTI ARTHA ABADI, PT | F52: JABODETABEK | G52: 25114.95 | H52: TRONTON | I52: 1 | J52: 1 | K52: 0.7628588 | L52: BATAL MUAT
A53: 03.09.2025 | B53: 3331549158 | C53: SILOG | D53: 24140319 | E53: MULTI ARTHA ABADI, PT | F53: JABODETABEK | G53: 22543.454 | H53: TRONTON | I53: 1 | J53: 1 | K53: 0.9328588 | L53: -
A54: 03.09.2025 | B54: 3331549164 | C54: SILOG | D54: 24140321 | E54: MULTI ARTHA ABADI, PT | F54: JABODETABEK | G54: 27921.53 | H54: TRONTON | I54: 1 | J54: 1 | K54: 0.86071759 | L54: -
A55: 03.09.2025 | B55: 3331549168 | C55: ALIEF | D55: 24140323 | E55: PT. TRISTAR MAKMUR KARTONINDO, GD | F55: JABODETABEK | G55: 30009.3 | H55: TRONTON | I55: 1 | J55: 1 | K55: 0.78456019 | L55: 0.083333333
A56: 03.09.2025 | B56: 3331549173 | C56: ALIEF | D56: 24140324 | E56: PT. TRISTAR MAKMUR KARTONINDO, GD | F56: JABODETABEK | G56: 25702.875 | H56: TRONTON | I56: 1 | J56: 1 | K56: 0.81268519 | L56: -
A57: 03.09.2025 carry over | B57: 3331548968 | C57: YUSHAR | D57: 24140309 | E57: PT. APP PURINUSA EKAPERSADA BAWEN | F57: JAWA TENGAH | G57: 32961.59 | H57: TRAILER | I57: 1 | J57: 1 | K57: =IFERROR(VLOOKUP(B57,'IN OUT'!F:G,2,FALSE), "BELUM MASUK") -> BELUM MASUK | L57: -
A58: 03.09.2025 carry over | B58: 3331548969 | C58: BRJ | D58: 24140310 | E58: PT. APP PURINUSA EKAPERSADA BAWEN | F58: JAWA TENGAH | G58: 34967.554 | H58: TRAILER | I58: 1 | J58: 0 | K58: =IFERROR(VLOOKUP(B58,'IN OUT'!F:G,2,FALSE), "BELUM MASUK") -> BELUM MASUK | L58: -
A59: 03.09.2025 carry over | B59: 3331547878 | C59: BRJ | D59: 24140311 | E59: JAWASURYA KENCANAINDAH, PT | F59: JAWA TENGAH | G59: 42299.445 | H59: TRAILER | I59: 1 | J59: 0 | K59: =IFERROR(VLOOKUP(B59,'IN OUT'!F:G,2,FALSE), "BELUM MASUK") -> BELUM MASUK | L59: -
A60: 03.09.2025 carry over | B60: 3331549001 | C60: BRJ | D60: 24140312 | E60: PT. CAKRAWALA CEMERLANG BOX | F60: JAWA TIMUR | G60: 40818.075 | H60: TRAILER | I60: 1 | J60: 0 | K60: 0.20208333 | L60: -
A61: 03.09.2025 Carry Over lom GI | B61: 3331548968 | C61: YUSHAR | D61: 24140309 | E61: PT. APP PURINUSA EKAPERSADA BAWEN | F61: JAWA TENGAH | G61: 32961.59 | H61: TRAILER | I61: 1 | J61: 1 | K61: =IFERROR(VLOOKUP(B61,'IN OUT'!F:G,2,FALSE), "BELUM MASUK") -> BELUM MASUK | L61: =IFERROR(VLOOKUP(B61,'IN OUT'!G:H,3,FALSE), "BELUM KELUAR") -> BELUM KELUAR
A62: 03.09.2025 Carry Over lom GI | B62: 3331548969 | C62: BRJ | D62: 24140310 | E62: PT. APP PURINUSA EKAPERSADA BAWEN | F62: JAWA TENGAH | G62: 34967.554 | H62: TRAILER | I62: 1 | J62: 1 | K62: =IFERROR(VLOOKUP(B62,'IN OUT'!F:G,2,FALSE), "BELUM MASUK") -> BELUM MASUK | L62: =IFERROR(VLOOKUP(B62,'IN OUT'!G:H,3,FALSE), "BELUM KELUAR") -> BELUM KELUAR
A63: 03.09.2025 Carry Over lom GI | B63: 3331547878 | C63: BRJ | D63: 24140311 | E63: JAWASURYA KENCANAINDAH, PT SMG | F63: JAWA TENGAH | G63: 42299.445 | H63: TRAILER | I63: 1 | J63: 1 | K63: =IFERROR(VLOOKUP(B63,'IN OUT'!F:G,2,FALSE), "BELUM MASUK") -> BELUM MASUK | L63: =IFERROR(VLOOKUP(B63,'IN OUT'!G:H,3,FALSE), "BELUM KELUAR") -> BELUM KELUAR
A64: 03.09.2025 Carry Over lom GI | B64: 3331549001 | C64: BRJ | D64: 24140312 | E64: PT. CAKRAWALA CEMERLANG BOX MOJO | F64: JAWA TIMUR | G64: 40818.075 | H64: TRAILER | I64: 1 | J64: 1 | K64: =IFERROR(VLOOKUP(B64,'IN OUT'!F:G,2,FALSE), "BELUM MASUK") -> BELUM MASUK | L64: =IFERROR(VLOOKUP(B64,'IN OUT'!G:H,3,FALSE), "BELUM KELUAR") -> BELUM KELUAR
A65: 03.09.2025 | B65: 3331549196 | C65: SILOG | D65: 24140326 | E65: PT. KATI KARTIKA MURNI CIKARANG | F65: JABODETABEK | G65: 25376.35 | H65: TRONTON | I65: 1 | J65: 1 | K65: =IFERROR(VLOOKUP(B65,'IN OUT'!F:G,2,FALSE), "BELUM MASUK") -> BELUM MASUK | L65: =IFERROR(VLOOKUP(B65,'IN OUT'!G:H,3,FALSE), "BELUM KELUAR") -> BELUM KELUAR
A66: 04.09.2025 | B66: 3331548636 | C66: SILOG | D66: 24140327 | E66: JAWASURYA KENCANAINDAH, PT SMG | F66: JAWA TENGAH | G66: 42872.295 | H66: TRAILER | I66: 1 | J66: 1 | K66: =IFERROR(VLOOKUP(B66,'IN OUT'!F:G,2,FALSE), "BELUM MASUK") -> BELUM MASUK | L66: =IFERROR(VLOOKUP(B66,'IN OUT'!G:H,3,FALSE), "BELUM KELUAR") -> BELUM KELUAR
A67: 05.09.2025 | B67: 3331549287 | C67: SIBA | D67: 24140328 | E67: PT. CAKRAWALA CEMERLANG BOX MOJO | F67: JAWA TIMUR | G67: 47802.825 | H67: TRAILER | I67: 1 | J67: 1 | K67: =IFERROR(VLOOKUP(B67,'IN OUT'!F:G,2,FALSE), "BELUM MASUK") -> BELUM MASUK | L67: =IFERROR(VLOOKUP(B67,'IN OUT'!G:H,3,FALSE), "BELUM KELUAR") -> BELUM KELUAR
A68: 04.09.2025 | B68: 3331549288 | C68: SILOG | D68: 24140329 | E68: CIPTA MULTI BUANA PERKASA, PT JKBR | F68: JABODETABEK | G68: 24670.74 | H68: TRONTON | I68: 1 | J68: 1 | K68: =IFERROR(VLOOKUP(B68,'IN OUT'!F:G,2,FALSE), "BELUM MASUK") -> BELUM MASUK | L68: =IFERROR(VLOOKUP(B68,'IN OUT'!G:H,3,FALSE), "BELUM KELUAR") -> BELUM KELUAR
A69: 05.09.2025 | B69: 3331549290 | C69: SILOG | D69: 24140330 | E69: CIPTA MULTI BUANA PERKASA, PT JKBR | F69: JABODETABEK | G69: 25234.545 | H69: TRONTON | I69: 1 | J69: 1 | K69: =IFERROR(VLOOKUP(B69,'IN OUT'!F:G,2,FALSE), "BELUM MASUK") -> BELUM MASUK | L69: =IFERROR(VLOOKUP(B69,'IN OUT'!G:H,3,FALSE), "BELUM KELUAR") -> BELUM KELUAR
A70: 05.09.2025 | B70: 3331549303 | C70: SILOG | D70: 24140332 | E70: PT. APP PURINUSA EKAPERSADA BAWEN | F70: JAWA TENGAH | G70: 31377.14 | H70: TRAILER | I70: 1 | J70: 1 | K70: =IFERROR(VLOOKUP(B70,'IN OUT'!F:G,2,FALSE), "BELUM MASUK") -> BELUM MASUK | L70: =IFERROR(VLOOKUP(B70,'IN OUT'!G:H,3,FALSE), "BELUM KELUAR") -> BELUM KELUAR
A71: 05.09.2025 | B71: 3331549302 | C71: ELANG | D71: 24140331 | E71: PT. APP PURINUSA EKAPERSADA BAWEN | F71: JAWA TENGAH | G71: 33582.292 | H71: TRAILER | I71: 1 | J71: 1 | K71: =IFERROR(VLOOKUP(B71,'IN OUT'!F:G,2,FALSE), "BELUM MASUK") -> BELUM MASUK | L71: =IFERROR(VLOOKUP(B71,'IN OUT'!G:H,3,FALSE), "BELUM KELUAR") -> BELUM KELUAR
A72: 05.09.2025 | B72: 3331549306 | C72: BRJ | D72: 24140338 | E72: PT. APP PURINUSA EKAPERSADA DEMAK | F72: JAWA TENGAH | G72: 32448.53 | H72: TRAILER | I72: 1 | J72: 1 | K72: =IFERROR(VLOOKUP(B72,'IN OUT'!F:G,2,FALSE), "BELUM MASUK") -> BELUM MASUK | L72: =IFERROR(VLOOKUP(B72,'IN OUT'!G:H,3,FALSE), "BELUM KELUAR") -> BELUM KELUAR
A73: 05.09.2025 | B73: 3331549308 | D73: 24140336 | E73: PT. APP PURINUSA EKAPERSADA DEMAK | F73: JAWA TENGAH | G73: 30972.728 | H73: TRAILER | I73: 1 | J73: 0 | K73: =IFERROR(VLOOKUP(B73,'IN OUT'!F:G,2,FALSE), "BELUM MASUK") -> BELUM MASUK | L73: =IFERROR(VLOOKUP(B73,'IN OUT'!G:H,3,FALSE), "BELUM KELUAR") -> BELUM KELUAR
A74: 05.09.2025 | B74: 3331549310 | D74: 24140337 | E74: PT. APP PURINUSA EKAPERSADA DEMAK | F74: JAWA TENGAH | G74: 31570.292 | H74: TRAILER | I74: 1 | J74: 0 | K74: =IFERROR(VLOOKUP(B74,'IN OUT'!F:G,2,FALSE), "BELUM MASUK") -> BELUM MASUK | L74: =IFERROR(VLOOKUP(B74,'IN OUT'!G:H,3,FALSE), "BELUM KELUAR") -> BELUM KELUAR
A75: 04.09.2025 | B75: 3331549284 | C75: SILOG | D75: 24140339 | E75: PT. TRISTAR MAKMUR KARTONINDO, GD CKR | F75: JABODETABEK | G75: 4889.325 | H75: TRONTON | I75: 1 | J75: 1 | K75: 45904.467 | L75: =IFERROR(VLOOKUP(B75,'IN OUT'!G:H,3,FALSE), "BELUM KELUAR") -> BELUM KELUAR
A76: 04.09.2025 | B76: 3331549286 | E76: PT. TRISTAR MAKMUR KARTONINDO, GD CKR | G76: 20213.565
A77: 05.09.2025 | B77: 3331549314 | C77: ALIEF | D77: 24140340 | E77: PT. TRISTAR MAKMUR KARTONINDO, GD CKR | F77: JABODETABEK | G77: 24895.86 | H77: TRONTON | I77: 1 | J77: 1 | K77: =IFERROR(VLOOKUP(B77,'IN OUT'!F:G,2,FALSE), "BELUM MASUK") -> BELUM MASUK | L77: =IFERROR(VLOOKUP(B77,'IN OUT'!G:H,3,FALSE), "BELUM KELUAR") -> BELUM KELUAR
A78: 07.09.2025 | B78: 3331549316 | C78: ALIEF | D78: 24140341 | E78: PT. TRISTAR MAKMUR KARTONINDO, GD CKR | F78: JABODETABEK | G78: 24557.175 | H78: TRONTON | I78: 1 | J78: 1 | K78: =IFERROR(VLOOKUP(B78,'IN OUT'!F:G,2,FALSE), "BELUM MASUK") -> BELUM MASUK | L78: =IFERROR(VLOOKUP(B78,'IN OUT'!G:H,3,FALSE), "BELUM KELUAR") -> BELUM KELUAR
A79: 07.09.2025 | B79: 3331549319 | C79: ALIEF | D79: 24140342 | E79: PT. TRISTAR MAKMUR KARTONINDO, GD CKR | F79: JABODETABEK | G79: 24780.285 | H79: TRONTON | I79: 1 | J79: 1 | K79: =IFERROR(VLOOKUP(B79,'IN OUT'!F:G,2,FALSE), "BELUM MASUK") -> BELUM MASUK | L79: =IFERROR(VLOOKUP(B79,'IN OUT'!G:H,3,FALSE), "BELUM KELUAR") -> BELUM KELUAR
A80: 04.09.2025 | B80: 3331549321 | C80: ELANG | D80: 24140343 | E80: MULTI ARTHA ABADI, PT TGR | F80: JABODETABEK | G80: 24602.4 | H80: TRONTON | I80: 1 | J80: 1 | K80: =IFERROR(VLOOKUP(B80,'IN OUT'!F:G,2,FALSE), "BELUM MASUK") -> BELUM MASUK | L80: =IFERROR(VLOOKUP(B80,'IN OUT'!G:H,3,FALSE), "BELUM KELUAR") -> BELUM KELUAR
A81: 05.09.2025 | B81: 3331549324 | C81: ELANG | D81: 24140344 | E81: MULTI ARTHA ABADI, PT TGR | F81: JABODETABEK | G81: 25388.31 | H81: TRONTON | I81: 1 | J81: 1 | K81: =IFERROR(VLOOKUP(B81,'IN OUT'!F:G,2,FALSE), "BELUM MASUK") -> BELUM MASUK | L81: =IFERROR(VLOOKUP(B81,'IN OUT'!G:H,3,FALSE), "BELUM KELUAR") -> BELUM KELUAR
A82: 05.09.2025 | B82: 3331549327 | C82: SILOG | D82: 24140346 | E82: PT. GLOBAL PAPYRUS SEMESTA BANDUNG | F82: JABODETABEK | G82: 26166.06 | H82: TRONTON | I82: 1 | J82: 1 | K82: =IFERROR(VLOOKUP(B82,'IN OUT'!F:G,2,FALSE), "BELUM MASUK") -> BELUM MASUK | L82: =IFERROR(VLOOKUP(B82,'IN OUT'!G:H,3,FALSE), "BELUM KELUAR") -> BELUM KELUAR
B95: KETERANGAN :
B97: *YG DIBOLD BELUM MASUK
B98: *KUNING SUDAH MASUK

Sheet LONG WEEKEND
A2: DATE | B2: =TODAY() -> 45977 | E2: TRUCK TYPE | H2: PLAN AREA | I2: QTY TRUCK | J2: TONASE (MT)
A3: TRUCK PLAN | B3: =SUM(I62:I108) -> 44 | E3: TRAILER | F3: =SUMIF(H62:H108, "TRAILER", I62:I108) -> 18 | H3: JABODETABEK | I3: =COUNTIF(F62:F108, "JABODETABEK") -> 26 | J3: =SUMIF(F62:F108, "JABODETABEK", G62:G108) -> 604530.6
A4: TRUCK AVAILABLE | B4: =SUM(J62:J108) -> 44 | E4: TRONTON | F4: =SUMIF(H62:H108, "TRONTON", J62:J108) -> 26 | H4: JAWA TENGAH | I4: =COUNTIF($F$62:F108, "JAWA TENGAH") -> 15 | J4: =SUMIF(F62:F108, "JAWA TENGAH", G62:G108) -> 513186.01
A5: MASUK | B5: =COUNTIF(K62:K108,"MASUK") -> 44 | H5: JAWA TIMUR | I5: =COUNTIF($F$62:F108, "JAWA TIMUR") -> 3 | J5: =SUMIF(F62:F108, "JAWA TIMUR", G62:G108) -> 132788.64
A6: BELUM MASUK | B6: =COUNTIF(K62:K108,"BELUM MASUK") -> 0 | H6: TOTAL PLAN | I6: =SUM(I3:I5) -> 44 | J6: =SUM(J3:J5) -> 1250505.2 | K6: *CARRY OVER 0
A7: KURANG TRUCK | B7: =B3-B4 -> 0 | C7: *TRAILER
A10: Tanggal | B10: Delivery | C10: Vendor | D10: SN | E10: Name ship-to party | F10: AREA | G10: TOTAL WEIGHT | H10: TRUCK TYPE | I10: QTY KEBUTUHAN | J10: KETERSEDIAAN | K10: GATE IN | L10: GATE OUT
A11: 01.09.2025 | B11: 3331548306 | C11: ETI | D11: 24140272 | E11: PT. KATI KARTIKA MURNI CIKARANG | F11: JABODETABEK | G11: 25 | H11: TRONTON | I11: 1 | J11: 1
A12: 01.09.2025 | B12: 3331548307 | C12: CGL | D12: 24140273 | E12: PT. KATI KARTIKA MURNI CIKARANG | F12: JABODETABEK | G12: 25 | H12: TRONTON | I12: 1 | J12: 1
A13: 01.09.2025 | B13: 3331547906 | C13: ALIEF | D13: 24140274 | E13: PT. DAYACIPTA KEMASINDO (GD) KARAWANG | F13: JABODETABEK | G13: 25 | H13: TRONTON | I13: 1 | J13: 1
A14: 01.09.2025 | B14: 3331548297 | C14: ALIEF | D14: 24140275 | E14: PT. DAYACIPTA KEMASINDO (GD) KARAWANG | F14: JABODETABEK | G14: 25 | H14: TRONTON | I14: 1 | J14: 1
A15: 02.09.2025 | B15: 3331548390 | C15: ALIEF | D15: 24140284 | E15: PT. DAYACIPTA KEMASINDO (GD) | F15: JABODETABEK | G15: 25 | H15: TRONTON | I15: 1 | J15: 1
A16: 02.09.2025 | B16: 3331548324 | C16: ETI | D16: 24140281 | E16: PT. APP PURINUSA EKAPERSADA SUBANG | F16: JABODETABEK | G16: 25 | H16: TRONTON | I16: 1 | J16: 1
A17: 01.09.2025 | B17: 3331548346 | E17: PT. APP PURINUSA EKAPERSADA | F17: JABODETABEK | G17: 25 | H17: TRONTON | I17: 1 | J17: 1
A18: 01.09.2025 | B18: 3331548331 | C18: CGL | D18: 24140277 | E18: PT. APP PURINUSA EKAPERSADA SUBANG | F18: JABODETABEK | G18: 25 | H18: TRONTON | I18: 1 | J18: 1
A19: 01.09.2025 | B19: 3331548348 | C19: ALIEF | D19: 24140279 | E19: PT. APP PURINUSA EKAPERSADA BANDUNG | F19: JABODETABEK | G19: 25 | H19: TRONTON | I19: 1 | J19: 1
A20: 01.09.2025 | B20: 3331548351 | C20: SILOG | D20: 24140280 | E20: DAYACIPTA KEMASINDO, PT (GD) Cibitung | F20: JABODETABEK | G20: 25 | H20: TRONTON | I20: 1 | J20: 1
A21: 02.09.2025 | B21: 3331548298 | C21: SILOG | D21: 24140282 | E21: PT DAYACIPTA KEMASINDO TANGERANG | F21: JABODETABEK | G21: 25 | H21: TRONTON | I21: 1 | J21: 1
A22: 01.09.2025 | B22: 3331547489 | C22: ALIEF | D22: 24140283 | E22: MULTI ARTHA ABADI, PT | F22: JABODETABEK | G22: 25 | H22: TRONTON | I22: 1 | J22: 1
A23: 01.09.2025 | B23: 3331548380 | E23: MULTI ARTHA ABADI, PT | F23: JABODETABEK | G23: 25 | H23: TRONTON | I23: 1 | J23: 1
A24: 02.09.2025 | B24: 3331548645 | C24: ALIEF | D24: 24140302 | E24: PT.SANTOSO JAWI (GD) SIDOARJO | F24: JAWA TIMUR | G24: 26525 | H24: TRONTON | I24: 1 | J24: 1
A25: 02.09.2025 | B25: 3331548670 | C25: ALIEF | D25: 24140304 | E25: PT. APP PURINUSA EKAPERSADA BANDUNG | F25: JABODETABEK | G25: 13000 | H25: TRONTON | I25: 1 | J25: 1
A26: 02.09.2025 | B26: 3331548667 | C26: ALIEF | E26: PT. APP PURINUSA EKAPERSADA | F26: JABODETABEK | G26: 11348 | H26: TRONTON | I26: 1 | J26: 1
A27: 02.09.2025 | B27: 3331548673 | C27: ALIEF | D27: 24140290 | E27: PT. KATI KARTIKA MURNI CIKARANG | F27: JABODETABEK | G27: 24763 | H27: TRONTON | I27: 1 | J27: 1
A28: 02.09.2025 | B28: 3331548675 | C28: ALIEF | D28: 24140291 | E28: PT. APP PURINUSA EKAPERSADA | F28: JABODETABEK | G28: 22060 | H28: TRONTON | I28: 1 | J28: 1
A29: 01.09.2025 | B29: 3331548333 | C29: ALIEF | D29: 24140295 | E29: PT. APP PURINUSA EKAPERSADA | F29: JABODETABEK | G29: 22060 | H29: TRONTON | I29: 1 | J29: 1
A30: 02.09.2025 | B30: 3331548732 | C30: BRJ | D30: 24140296 | E30: PT. APP PURINUSA EKAPERSADA DEMAK | F30: JAWA TENGAH | G30: 33872 | H30: TRAILER | I30: 1 | J30: 1
A31: 02.09.2025 | B31: 3331548736 | C31: BRJ | D31: 24140297 | E31: PT. APP PURINUSA EKAPERSADA DEMAK | F31: JAWA TENGAH | G31: 44529 | H31: TRAILER | I31: 1 | J31: 1
A32: 02.09.2025 | B32: 3331548741 | C32: BRJ | D32: 24140298 | E32: PT. APP PURINUSA EKAPERSADA DEMAK | F32: JAWA TENGAH | G32: 45726 | H32: TRAILER | I32: 1 | J32: 1
A33: 02.09.2025 | B33: 3331548746 | C33: BRJ | D33: 24140299 | E33: PT. APP PURINUSA EKAPERSADA SEMARANG | F33: JAWA TENGAH | G33: 37035 | H33: TRAILER | I33: 1 | J33: 1
A34: 02.09.2025 | B34: 3331548749 | C34: BRJ | D34: 24140300 | E34: PT. APP PURINUSA EKAPERSADA SEMARANG | F34: JAWA TENGAH | G34: 33812 | H34: TRAILER | I34: 1 | J34: 1
A35: 02.09.2025 | B35: 3331548756 | C35: SIBA | D35: 24140301 | E35: PT. APP PURINUSA EKAPERSADA SEMARANG | F35: JAWA TENGAH | G35: 34290 | H35: TRAILER | I35: 1 | J35: 1
A36: 02.09.2025 | B36: 3331548760 | C36: ALIEF | D36: 24140303 | E36: PT. KEMASAN INDAH SEJAHTERA | F36: JABODETABEK | G36: 13963 | H36: TRONTON | I36: 1 | J36: 1
A37: 02.09.2025 | B37: 3331548761 | E37: PT. KEMASAN INDAH SEJAHTERA | F37: JABODETABEK | G37: 10480 | H37: TRONTON | I37: 1 | J37: 1
A38: 02.09.2025 | B38: 3331548736 | C38: BRJ | D38: 24140297 | E38: PT. APP PURINUSA EKAPERSADA DEMAK | F38: JAWA TENGAH | G38: 44529 | H38: TRAILER | I38: 1 | J38: 1 | K38: 0.17986111 | L38: 0.44444444
A39: 02.09.2025 | B39: 3331548749 | C39: ETI | D39: 24140300 | E39: PT. APP PURINUSA EKAPERSADA BAWEN | F39: JAWA TENGAH | G39: 35775.372 | H39: TRAILER | I39: 1 | J39: 1 | K39: =IFERROR(VLOOKUP(B39,'IN OUT'!F:G,2,FALSE), "BELUM MASUK") -> BELUM MASUK | L39: 0.090277778
A40: 02.09.2025 | B40: 3331548756 | C40: SIBA SURYA | D40: 24140301 | E40: PT. APP PURINUSA EKAPERSADA | F40: JAWA TENGAH | G40: 34495.741 | H40: TRAILER | I40: 1 | J40: 1 | K40: =IFERROR(VLOOKUP(B40,'IN OUT'!F:G,2,FALSE), "BELUM MASUK") -> BELUM MASUK | L40: -
A41: 03.09.2025 | B41: 3331548394 | C41: ALIEF | D41: 24140305 | E41: PT. HEXA PRIMA PERSADA TGR | F41: JABODETABEK | G41: 26626.47 | H41: TRONTON | I41: 1 | J41: 1 | K41: =IFERROR(VLOOKUP(B41,'IN OUT'!F:G,2,FALSE), "BELUM MASUK") -> BELUM MASUK | L41: 0.84027778
A42: 03.09.2025 | B42: 3331548958 | C42: BRJ | D42: 24140306 | E42: PT. APP PURINUSA EKAPERSADA DEMAK | F42: JAWA TENGAH | G42: 42969.278 | H42: TRAILER | I42: 1 | J42: 1 | K42: =IFERROR(VLOOKUP(B42,'IN OUT'!F:G,2,FALSE), "BELUM MASUK") -> BELUM MASUK | L42: -
A43: 03.09.2025 | B43: 3331548967 | C43: SIBA SURYA | D43: 24140307 | E43: PT. APP PURINUSA EKAPERSADA DEMAK | F43: JAWA TENGAH | G43: 43071.89 | H43: TRAILER | I43: 1 | J43: 1 | K43: 0.71081019 | L43: 0.0625
A44: 03.09.2025 | B44: 3331548968 | C44: YUSHAR | D44: 24140309 | E44: PT. APP PURINUSA EKAPERSADA BAWEN | F44: JAWA TENGAH | G44: 32961.59 | H44: TRAILER | I44: 1 | J44: 1 | K44: =IFERROR(VLOOKUP(B44,'IN OUT'!F:G,2,FALSE), "BELUM MASUK") -> BELUM MASUK | L44: -
A45: 03.09.2025 | B45: 3331548969 | C45: BRJ | D45: 24140310 | E45: PT. APP PURINUSA EKAPERSADA BAWEN | F45: JAWA TENGAH | G45: 34967.554 | H45: TRAILER | I45: 1 | J45: 0 | K45: =IFERROR(VLOOKUP(B45,'IN OUT'!F:G,2,FALSE), "BELUM MASUK") -> BELUM MASUK | L45: -
A46: 03.09.2025 | B46: 3331547878 | C46: BRJ | D46: 24140311 | E46: JAWASURYA KENCANAINDAH, PT SEMARANG | F46: JAWA TENGAH | G46: 42299.445 | H46: TRAILER | I46: 1 | J46: 0 | K46: =IFERROR(VLOOKUP(B46,'IN OUT'!F:G,2,FALSE), "BELUM MASUK") -> BELUM MASUK | L46: -
A47: 03.09.2025 | B47: 3331549001 | C47: BRJ | D47: 24140312 | E47: PT. CAKRAWALA CEMERLANG BOX MOJOKERTO | F47: JAWA TIMUR | G47: 40818.075 | H47: TRAILER | I47: 1 | J47: 0 | K47: 0.20208333 | L47: -
A48: 03.09.2025 | B48: 3331549014 | C48: SILOG | D48: 24140313 | E48: PT. GLOBAL PAPYRUS SEMESTA | F48: JABODETABEK | G48: 22104.975 | H48: TRONTON | I48: 1 | J48: 1 | K48: 0.69403935 | L48: -
A49: 03.09.2025 | B49: 3331549063 | G49: 2026.08 | H49: TRONTON | L49: -
A50: 03.09.2025 | B50: 3331549019 | C50: SILOG | D50: 24140314 | E50: PT. APP PURINUSA EKAPERSADA SBG | F50: JABODETABEK | G50: 20301.08 | H50: TRONTON | I50: 1 | J50: 1 | K50: 0.8262037 | L50: -
A51: 03.09.2025 | B51: 3331549073 | C51: ALIEF | D51: 24140315 | E51: PT. APP PURINUSA EKAPERSADA BDG | F51: JABODETABEK | G51: 26098.658 | H51: TRONTON | I51: 1 | J51: 1 | K51: 0.75359954 | L51: -
A52: 03.09.2025 | B52: 3331549101 | C52: SIBA SURYA | D52: 24140316 | E52: PT. CAKRAWALA CEMERLANG BOX | F52: JAWA TIMUR | G52: 46276.201 | H52: TRAILER | I52: 1 | J52: 1 | K52: 0.95194444 | L52: -
A53: 03.09.2025 | B53: 3331549149 | C53: TRANSINDO | D53: 24140318 | E53: MULTI ARTHA ABADI, PT | F53: JABODETABEK | G53: 25114.95 | H53: TRONTON | I53: 1 | J53: 1 | K53: 0.7628588 | L53: BATAL MUAT
A54: 03.09.2025 | B54: 3331549158 | C54: SILOG | D54: 24140319 | E54: MULTI ARTHA ABADI, PT | F54: JABODETABEK | G54: 22543.454 | H54: TRONTON | I54: 1 | J54: 1 | K54: 0.9328588 | L54: -
A55: 03.09.2025 | B55: 3331549164 | C55: SILOG | D55: 24140321 | E55: MULTI ARTHA ABADI, PT | F55: JABODETABEK | G55: 27921.53 | H55: TRONTON | I55: 1 | J55: 1 | K55: 0.86071759 | L55: -
A56: 03.09.2025 | B56: 3331549168 | C56: ALIEF | D56: 24140323 | E56: PT. TRISTAR MAKMUR KARTONINDO, GD | F56: JABODETABEK | G56: 30009.3 | H56: TRONTON | I56: 1 | J56: 1 | K56: 0.78456019 | L56: 0.083333333
A57: 03.09.2025 | B57: 3331549173 | C57: ALIEF | D57: 24140324 | E57: PT. TRISTAR MAKMUR KARTONINDO, GD | F57: JABODETABEK | G57: 25702.875 | H57: TRONTON | I57: 1 | J57: 1 | K57: 0.81268519 | L57: -
A58: 03.09.2025 carry over | B58: 3331548968 | C58: YUSHAR | D58: 24140309 | E58: PT. APP PURINUSA EKAPERSADA BAWEN | F58: JAWA TENGAH | G58: 32961.59 | H58: TRAILER | I58: 1 | J58: 1 | K58: =IFERROR(VLOOKUP(B58,'IN OUT'!F:G,2,FALSE), "BELUM MASUK") -> BELUM MASUK | L58: -
A59: 03.09.2025 carry over | B59: 3331548969 | C59: BRJ | D59: 24140310 | E59: PT. APP PURINUSA EKAPERSADA BAWEN | F59: JAWA TENGAH | G59: 34967.554 | H59: TRAILER | I59: 1 | J59: 0 | K59: =IFERROR(VLOOKUP(B59,'IN OUT'!F:G,2,FALSE), "BELUM MASUK") -> BELUM MASUK | L59: -
A60: 03.09.2025 carry over | B60: 3331547878 | C60: BRJ | D60: 24140311 | E60: JAWASURYA KENCANAINDAH, PT | F60: JAWA TENGAH | G60: 42299.445 | H60: TRAILER | I60: 1 | J60: 0 | K60: =IFERROR(VLOOKUP(B60,'IN OUT'!F:G,2,FALSE), "BELUM MASUK") -> BELUM MASUK | L60: -
A61: 03.09.2025 carry over | B61: 3331549001 | C61: BRJ | D61: 24140312 | E61: PT. CAKRAWALA CEMERLANG BOX | F61: JAWA TIMUR | G61: 40818.075 | H61: TRAILER | I61: 1 | J61: 0 | K61: 0.20208333 | L61: -
A62: 03.09.2025 Carry Over lom GI | B62: 3331548968 | C62: YUSHAR | D62: 24140309 | E62: PT. APP PURINUSA EKAPERSADA BAWEN | F62: JAWA TENGAH | G62: 32961.59 | H62: TRAILER | I62: 1 | J62: 1 | K62: MASUK | L62: =IFERROR(VLOOKUP(B62,'IN OUT'!F:H,3,FALSE), "BELUM KELUAR") -> BELUM KELUAR
A63: 03.09.2025 Carry Over lom GI | B63: 3331548969 | C63: BRJ | D63: 24140310 | E63: PT. APP PURINUSA EKAPERSADA BAWEN | F63: JAWA TENGAH | G63: 34967.554 | H63: TRAILER | I63: 1 | J63: 1 | K63: MASUK
A64: 03.09.2025 Carry Over lom GI | B64: 3331547878 | C64: BRJ | D64: 24140311 | E64: JAWASURYA KENCANAINDAH, PT SMG | F64: JAWA TENGAH | G64: 42299.445 | H64: TRAILER | I64: 1 | J64: 1 | K64: MASUK | L64: 0.68541667
A65: 03.09.2025 Carry Over lom GI | B65: 3331549001 | C65: BRJ | D65: 24140312 | E65: PT. CAKRAWALA CEMERLANG BOX MOJO | F65: JAWA TIMUR | G65: 40818.075 | H65: TRAILER | I65: 1 | J65: 1 | K65: MASUK
A66: 04.09.2025 | B66: 3331549196 | C66: SILOG | D66: 24140326 | E66: PT. KATI KARTIKA MURNI CIKARANG | F66: JABODETABEK | G66: 25376.35 | H66: TRONTON | I66: 1 | J66: 1 | K66: MASUK
A67: 04.09.2025 | B67: 3331548636 | C67: SILOG | D67: 24140327 | E67: JAWASURYA KENCANAINDAH, PT SMG | F67: JAWA TENGAH | G67: 42872.295 | H67: TRAILER | I67: 1 | J67: 1 | K67: MASUK
A68: 04.09.2025 | B68: 3331549287 | C68: SIBA | D68: 24140328 | E68: PT. CAKRAWALA CEMERLANG BOX MOJO | F68: JAWA TIMUR | G68: 47802.825 | H68: TRAILER | I68: 1 | J68: 1 | K68: MASUK
A69: 04.09.2025 | B69: 3331549288 | C69: SILOG | D69: 24140329 | E69: CIPTA MULTI BUANA PERKASA, PT JKBR | F69: JABODETABEK | G69: 24670.74 | H69: TRONTON | I69: 1 | J69: 1 | K69: MASUK | L69: 0.65427083
A70: 04.09.2025 | B70: 3331549290 | C70: SILOG | D70: 24140330 | E70: CIPTA MULTI BUANA PERKASA, PT JKBR | F70: JABODETABEK | G70: 25234.545 | H70: TRONTON | I70: 1 | J70: 1 | K70: MASUK | L70: 0.725
A71: 04.09.2025 | B71: 3331549303 | C71: SILOG | D71: 24140335 | E71: PT. APP PURINUSA EKAPERSADA BAWEN | F71: JAWA TENGAH | G71: 31377.14 | H71: TRAILER | I71: 1 | J71: 1 | K71: MASUK
A72: 04.09.2025 | B72: 3331549302 | C72: ELANG | D72: 24140334 | E72: PT. APP PURINUSA EKAPERSADA BAWEN | F72: JAWA TENGAH | G72: 33582.292 | H72: TRAILER | I72: 1 | J72: 1 | K72: MASUK
A73: 04.09.2025 | B73: 3331549306 | C73: BRJ | D73: 24140338 | E73: PT. APP PURINUSA EKAPERSADA DEMAK | F73: JAWA TENGAH | G73: 32448.53 | H73: TRAILER | I73: 1 | J73: 1 | K73: MASUK
A74: 04.09.2025 | B74: 3331549308 | C74: BRJ | D74: 24140336 | E74: PT. APP PURINUSA EKAPERSADA DEMAK | F74: JAWA TENGAH | G74: 30972.728 | H74: TRAILER | I74: 1 | J74: 1 | K74: MASUK
A75: 04.09.2025 | B75: 3331549310 | C75: BRJ | D75: 24140337 | E75: PT. APP PURINUSA EKAPERSADA DEMAK | F75: JAWA TENGAH | G75: 31570.292 | H75: TRAILER | I75: 1 | J75: 1 | K75: MASUK
A76: 04.09.2025 | B76: 3331549284 | C76: SILOG | D76: 24140339 | E76: PT. TRISTAR MAKMUR KARTONINDO, GD CKR | F76: JABODETABEK | G76: 4889.325 | H76: TRONTON | I76: 1 | J76: 1 | K76: MASUK
A77: 04.09.2025 | B77: 3331549286 | E77: PT. TRISTAR MAKMUR KARTONINDO, GD CKR | G77: 20213.565
A78: 04.09.2025 | B78: 3331549314 | C78: ALIEF | D78: 24140340 | E78: PT. TRISTAR MAKMUR KARTONINDO, GD CKR | F78: JABODETABEK | G78: 24895.86 | H78: TRONTON | I78: 1 | J78: 1 | K78: MASUK | M78: SLS
A79: 04.09.2025 | B79: 3331549316 | C79: ALIEF | D79: 24140341 | E79: PT. TRISTAR MAKMUR KARTONINDO, GD CKR | F79: JABODETABEK | G79: 24557.175 | H79: TRONTON | I79: 1 | J79: 1 | K79: MASUK | M79: CHANGE BATAL MUAT
A80: 04.09.2025 | B80: 3331549319 | C80: ALIEF | D80: 24140342 | E80: PT. TRISTAR MAKMUR KARTONINDO, GD CKR | F80: JABODETABEK | G80: 24780.285 | H80: TRONTON | I80: 1 | J80: 1 | K80: MASUK | M80: SLS
A81: 04.09.2025 | B81: 3331549321 | C81: ELANG | D81: 24140343 | E81: MULTI ARTHA ABADI, PT TGR | F81: JABODETABEK | G81: 24602.4 | H81: TRONTON | I81: 1 | J81: 1 | K81: MASUK
A82: 04.09.2025 | B82: 3331549324 | C82: ELANG | D82: 24140344 | E82: MULTI ARTHA ABADI, PT TGR | F82: JABODETABEK | G82: 25388.31 | H82: TRONTON | I82: 1 | J82: 1 | K82: MASUK
A83: 04.09.2025 | B83: 3331549327 | C83: ALIEF | D83: 24140346 | E83: PT. GLOBAL PAPYRUS SEMESTA BANDUNG | F83: JABODETABEK | G83: 26166.06 | H83: TRONTON | I83: 1 | J83: 1 | K83: MASUK
A84: 04.09.2025 | B84: 3331549363 | C84: SIBA | D84: 24140350 | E84: PT. ANUGRAH ANEKABOX GRESIK | F84: JAWA TIMUR | G84: 44167.74 | H84: TRAILER | I84: 1 | J84: 1 | K84: MASUK
A85: 04.09.2025 | B85: 3331549372 | C85: CGL | D85: 24140347 | E85: PT. KATI KARTIKA MURNI | F85: JABODETABEK | G85: 19610.964 | H85: TRONTON | I85: 1 | J85: 1 | K85: MASUK
A86: 04.09.2025 | B86: 3331548970 | E86: PT. KATI KARTIKA MURNI | G86: 6192.936
A87: 04.09.2025 | B87: 3331549376 | C87: ALIEF | D87: 24140348 | E87: CIPTA MULTI BUANA PERKASA, PT JKBR | F87: JABODETABEK | G87: 24456.676 | H87: TRONTON | I87: 1 | J87: 1 | K87: MASUK
A88: 04.09.2025 | B88: 3331549384 | C88: SILOG | D88: 24140349 | E88: CIPTA MULTI BUANA PERKASA, PT JKBR | F88: JABODETABEK | G88: 24456.676 | H88: TRONTON | I88: 1 | J88: 1 | K88: MASUK
A89: 04.09.2025 | B89: 3331549385 | C89: ALIEF | D89: 24140351 | E89: CIPTA MULTI BUANA PERKASA, PT JKBR | F89: JABODETABEK | G89: 24783.301 | H89: TRONTON | I89: 1 | J89: 1 | K89: MASUK
A90: 04.09.2025 | B90: 3331549326 | C90: ALIEF | D90: 24140354 | E90: MULTI ARTHA ABADI, PT TGR | F90: JABODETABEK | G90: 25056.442 | H90: TRONTON | I90: 1 | J90: 1 | K90: MASUK
A91: 04.09.2025 | B91: 3331549396 | C91: BRJ | D91: 24140352 | E91: PT. APP PURINUSA EKAPERSADA DEMAK | F91: JAWA TENGAH | G91: 32096.429 | H91: TRAILER | I91: 1 | J91: 1 | K91: MASUK
A92: 04.09.2025 | B92: 3331549402 | C92: BRJ | D92: 24140353 | E92: PT. APP PURINUSA EKAPERSADA DEMAK | F92: JAWA TENGAH | G92: 30923.434 | H92: TRAILER | I92: 1 | J92: 1 | K92: MASUK
A93: 04.09.2025 | B93: 3331549410 | C93: SILOG | D93: 24140355 | E93: PT. APP PURINUSA EKAPERSADA DEMAK | F93: JAWA TENGAH | G93: 35458.482 | H93: TRAILER | I93: 1 | J93: 1 | K93: MASUK
A94: 04.09.2025 | B94: 3331549412 | C94: BRJ | D94: 24140356 | E94: PT. APP PURINUSA EKAPERSADA BAWEN | F94: JAWA TENGAH | G94: 29603.562 | H94: TRAILER | I94: 1 | J94: 1 | K94: MASUK
A95: 04.09.2025 | B95: 3331549414 | C95: ALIEF | D95: 24140357 | E95: PT. APP PURINUSA EKAPERSADA BANDUNG | F95: JABODETABEK | G95: 24978.98 | H95: TRONTON | I95: 1 | J95: 1 | K95: MASUK
A96: 04.09.2025 | B96: 3331549424 | C96: YUSHAR | D96: 24140358 | E96: PT. APP PURINUSA EKAPERSADA BAWEN | F96: JAWA TENGAH | G96: 34762.33 | H96: TRAILER | I96: 1 | J96: 1 | K96: MASUK
A97: 04.09.2025 | B97: 3331549426 | C97: YUSHAR | D97: 24140359 | E97: PT. APP PURINUSA EKAPERSADA BAWEN | F97: JAWA TENGAH | G97: 37289.905 | H97: TRAILER | I97: 1 | J97: 1 | K97: MASUK
A98: 04.09.2025 | B98: 3331549281 | C98: ALIEF | D98: 24140360 | E98: PT. APP PURINUSA EKAPERSADA SBG | F98: JABODETABEK | G98: 12645.42 | H98: TRONTON | I98: 1 | J98: 1 | K98: MASUK
A99: 04.09.2025 | B99: 3331549422 | E99: PT. APP PURINUSA EKAPERSADA SBG | G99: 7319.656
A100: 04.09.2025 | B100: 3331549444 | C100: ALIEF | D100: 24140361 | E100: PT. KEMASAN INDAH SEJAHTERA TGR | F100: JABODETABEK | G100: 27136.85 | H100: TRONTON | I100: 1 | J100: 1 | K100: MASUK
A101: 04.09.2025 | B101: 3331549452 | C101: SILOG | D101: 24140362 | E101: PT. KEMASAN INDAH SEJAHTERA TGR | F101: JABODETABEK | G101: 26148.958 | H101: TRONTON | I101: 1 | J101: 1 | K101: MASUK
A102: 04.09.2025 | B102: 3331549459 | C102: ALIEF | D102: 24140363 | E102: PT. APP PURINUSA EKAPERSADA SBG | F102: JABODETABEK | G102: 22621.922 | H102: TRONTON | I102: 1 | J102: 1 | K102: MASUK
A103: 04.09.2025 | B103: 3331549460 | C103: ALIEF | D103: 24140364 | E103: PT. APP PURINUSA EKAPERSADA SBG | F103: JABODETABEK | G103: 22926.741 | H103: TRONTON | I103: 1 | J103: 1 | K103: MASUK
...

Sheet 11.09.25
A1: TIME | B1: =NOW() -> 45977.421 | Q1: SILOG | R1: =COUNTIF($C$110:$C$1203,"SILOG") -> 34 | S1: =IFERROR(VLOOKUP(J1,'IN OUT'!L:M,2,FALSE), "BELUM MASUK") -> BELUM MASUK
A2: DATE | B2: =TODAY() -> 45977 | E2: TRUCK TYPE | H2: PLAN AREA | I2: QTY TRUCK | J2: TONASE (MT) | Q2: SIBA | R2: =COUNTIF($C$110:$C$1203,"SIBA") -> 6
A3: TRUCK PLAN | B3: =SUM(I217:I1317) -> 43 | C3: *NEXTDAY 4 *AMBIL SENDIRI 3 *CROVER 4 | E3: TRAILER | F3: =SUMIF(H217:H1223, "TRAILER", I217:I1222) -> 11 | H3: JABODETABEK | I3: =COUNTIF(F217:F1223, "JABODETABEK") -> 34 | J3: =SUMIF(F217:F1223, "JABODETABEK", G217:G1223) -> 914641.18 | Q3: YUSHAR | R3: =COUNTIF($C$110:$C$1203,"YUSHAR") -> 18
A4: TRUCK AVAILABLE | B4: =SUM(J217:J1351) -> 38 | E4: TRONTON | F4: =SUMIF(H217:H1224, "TRONTON", I217:I1223) -> 32 | H4: JAWA TENGAH | I4: =COUNTIF($F$217:F1224, "JAWA TENGAH") -> 1 | J4: =SUMIF(F217:F1224, "JAWA TENGAH", G217:G1224) -> 30630.186 | Q4: BRJ | R4: =COUNTIF($C$110:$C$1203,"BRJ") -> 10
A5: SUDAH MASUK | B5: =COUNTIF(K217:K1200,"MASUK") -> 32 | E5: TOTAL | F5: =SUBTOTAL(9,F3:F4) -> 43 | H5: JAWA TIMUR | I5: =COUNTIF($F$217:F1225, "JAWA TIMUR") -> 8 | J5: =SUMIF(F217:F1225, "JAWA TIMUR", G217:G1225) -> 290630.1 | Q5: ALIEF | R5: =COUNTIF($C$110:$C$1203,"ALIEF") -> 35
A6: BELUM MASUK | B6: =COUNTIF(K217:K1200,"BELUM MASUK") -> 11 | E6: CARRY OVER 4 | F6: =G235+G258+G260+G261 -> 104713.92 | H6: TOTAL PLAN | I6: =SUM(I3:I5) -> 43 | J6: =SUM(J3:J5) -> 1235901.5 | Q6: ELANG | R6: =COUNTIF($C$110:$C$1203,"ELANG") -> 4
A7: KURANG TRUCK | B7: =B3-B4 -> 5 | C7: *3TRAILER *2TRONTON | E7: AMBIL SENDIRI 3 | F7: =G244+G245+G247 -> 108364.06 | Q7: CGL | R7: =COUNTIF($C$110:$C$1203,"CGL") -> 1
E8: NEXT DAY 4 | F8: =G262+G264+G265+G266 -> 163880.42 | Q8: *AKTUAL | R8: =SUM(R1:R7) -> 108
A11: Tanggal | B11: Delivery | C11: Vendor | D11: SN | E11: Name ship-to party | F11: AREA | G11: TOTAL WEIGHT | H11: TRUCK TYPE | I11: QTY KEBUTUHAN | J11: KETERSEDIAAN | K11: GATE IN | L11: Date MLS
A12: 01.09.2025 | B12: 3331548306 | C12: ETI | D12: 24140272 | E12: PT. KATI KARTIKA MURNI CIKARANG | F12: JABODETABEK | G12: 25 | H12: TRONTON | I12: 1 | J12: 1
A13: 01.09.2025 | B13: 3331548307 | C13: CGL | D13: 24140273 | E13: PT. KATI KARTIKA MURNI CIKARANG | F13: JABODETABEK | G13: 25 | H13: TRONTON | I13: 1 | J13: 1
A14: 01.09.2025 | B14: 3331547906 | C14: ALIEF | D14: 24140274 | E14: PT. DAYACIPTA KEMASINDO (GD) KARAWANG | F14: JABODETABEK | G14: 25 | H14: TRONTON | I14: 1 | J14: 1
A15: 01.09.2025 | B15: 3331548297 | C15: ALIEF | D15: 24140275 | E15: PT. DAYACIPTA KEMASINDO (GD) KARAWANG | F15: JABODETABEK | G15: 25 | H15: TRONTON | I15: 1 | J15: 1
A16: 02.09.2025 | B16: 3331548390 | C16: ALIEF | D16: 24140284 | E16: PT. DAYACIPTA KEMASINDO (GD) | F16: JABODETABEK | G16: 25 | H16: TRONTON | I16: 1 | J16: 1
A17: 02.09.2025 | B17: 3331548324 | C17: ETI | D17: 24140281 | E17: PT. APP PURINUSA EKAPERSADA SUBANG | F17: JABODETABEK | G17: 25 | H17: TRONTON | I17: 1 | J17: 1
A18: 01.09.2025 | B18: 3331548346 | E18: PT. APP PURINUSA EKAPERSADA | F18: JABODETABEK | G18: 25 | H18: TRONTON | I18: 1 | J18: 1
A19: 01.09.2025 | B19: 3331548331 | C19: CGL | D19: 24140277 | E19: PT. APP PURINUSA EKAPERSADA SUBANG | F19: JABODETABEK | G19: 25 | H19: TRONTON | I19: 1 | J19: 1
A20: 01.09.2025 | B20: 3331548348 | C20: ALIEF | D20: 24140279 | E20: PT. APP PURINUSA EKAPERSADA BANDUNG | F20: JABODETABEK | G20: 25 | H20: TRONTON | I20: 1 | J20: 1
A21: 01.09.2025 | B21: 3331548351 | C21: SILOG | D21: 24140280 | E21: DAYACIPTA KEMASINDO, PT (GD) Cibitung | F21: JABODETABEK | G21: 25 | H21: TRONTON | I21: 1 | J21: 1
A22: 02.09.2025 | B22: 3331548298 | C22: SILOG | D22: 24140282 | E22: PT DAYACIPTA KEMASINDO TANGERANG | F22: JABODETABEK | G22: 25 | H22: TRONTON | I22: 1 | J22: 1
A23: 01.09.2025 | B23: 3331547489 | C23: ALIEF | D23: 24140283 | E23: MULTI ARTHA ABADI, PT | F23: JABODETABEK | G23: 25 | H23: TRONTON | I23: 1 | J23: 1
A24: 01.09.2025 | B24: 3331548380 | E24: MULTI ARTHA ABADI, PT | F24: JABODETABEK | G24: 25 | H24: TRONTON | I24: 1 | J24: 1
A25: 02.09.2025 | B25: 3331548645 | C25: ALIEF | D25: 24140302 | E25: PT.SANTOSO JAWI (GD) SIDOARJO | F25: JAWA TIMUR | G25: 26525 | H25: TRONTON | I25: 1 | J25: 1
A26: 02.09.2025 | B26: 3331548670 | C26: ALIEF | D26: 24140304 | E26: PT. APP PURINUSA EKAPERSADA BANDUNG | F26: JABODETABEK | G26: 13000 | H26: TRONTON | I26: 1 | J26: 1
A27: 02.09.2025 | B27: 3331548667 | C27: ALIEF | E27: PT. APP PURINUSA EKAPERSADA | F27: JABODETABEK | G27: 11348 | H27: TRONTON | I27: 1 | J27: 1
A28: 02.09.2025 | B28: 3331548673 | C28: ALIEF | D28: 24140290 | E28: PT. KATI KARTIKA MURNI CIKARANG | F28: JABODETABEK | G28: 24763 | H28: TRONTON | I28: 1 | J28: 1
A29: 02.09.2025 | B29: 3331548675 | C29: ALIEF | D29: 24140291 | E29: PT. APP PURINUSA EKAPERSADA | F29: JABODETABEK | G29: 22060 | H29: TRONTON | I29: 1 | J29: 1
A30: 01.09.2025 | B30: 3331548333 | C30: ALIEF | D30: 24140295 | E30: PT. APP PURINUSA EKAPERSADA | F30: JABODETABEK | G30: 22060 | H30: TRONTON | I30: 1 | J30: 1
A31: 02.09.2025 | B31: 3331548732 | C31: BRJ | D31: 24140296 | E31: PT. APP PURINUSA EKAPERSADA DEMAK | F31: JAWA TENGAH | G31: 33872 | H31: TRAILER | I31: 1 | J31: 1
A32: 02.09.2025 | B32: 3331548736 | C32: BRJ | D32: 24140297 | E32: PT. APP PURINUSA EKAPERSADA DEMAK | F32: JAWA TENGAH | G32: 44529 | H32: TRAILER | I32: 1 | J32: 1
A33: 02.09.2025 | B33: 3331548741 | C33: BRJ | D33: 24140298 | E33: PT. APP PURINUSA EKAPERSADA DEMAK | F33: JAWA TENGAH | G33: 45726 | H33: TRAILER | I33: 1 | J33: 1
A34: 02.09.2025 | B34: 3331548746 | C34: BRJ | D34: 24140299 | E34: PT. APP PURINUSA EKAPERSADA SEMARANG | F34: JAWA TENGAH | G34: 37035 | H34: TRAILER | I34: 1 | J34: 1
A35: 02.09.2025 | B35: 3331548749 | C35: BRJ | D35: 24140300 | E35: PT. APP PURINUSA EKAPERSADA SEMARANG | F35: JAWA TENGAH | G35: 33812 | H35: TRAILER | I35: 1 | J35: 1
A36: 02.09.2025 | B36: 3331548756 | C36: SIBA | D36: 24140301 | E36: PT. APP PURINUSA EKAPERSADA SEMARANG | F36: JAWA TENGAH | G36: 34290 | H36: TRAILER | I36: 1 | J36: 1
A37: 02.09.2025 | B37: 3331548760 | C37: ALIEF | D37: 24140303 | E37: PT. KEMASAN INDAH SEJAHTERA | F37: JABODETABEK | G37: 13963 | H37: TRONTON | I37: 1 | J37: 1
A38: 02.09.2025 | B38: 3331548761 | E38: PT. KEMASAN INDAH SEJAHTERA | F38: JABODETABEK | G38: 10480 | H38: TRONTON | I38: 1 | J38: 1
A39: 02.09.2025 | B39: 3331548736 | C39: BRJ | D39: 24140297 | E39: PT. APP PURINUSA EKAPERSADA DEMAK | F39: JAWA TENGAH | G39: 44529 | H39: TRAILER | I39: 1 | J39: 1 | K39: 0.17986111 | L39: 0.44444444
A40: 02.09.2025 | B40: 3331548749 | C40: ETI | D40: 24140300 | E40: PT. APP PURINUSA EKAPERSADA BAWEN | F40: JAWA TENGAH | G40: 35775.372 | H40: TRAILER | I40: 1 | J40: 1 | K40: =IFERROR(VLOOKUP(B40,'IN OUT'!F:G,2,FALSE), "BELUM MASUK") -> BELUM MASUK | L40: 0.090277778
A41: 02.09.2025 | B41: 3331548756 | C41: SIBA SURYA | D41: 24140301 | E41: PT. APP PURINUSA EKAPERSADA | F41: JAWA TENGAH | G41: 34495.741 | H41: TRAILER | I41: 1 | J41: 1 | K41: =IFERROR(VLOOKUP(B41,'IN OUT'!F:G,2,FALSE), "BELUM MASUK") -> BELUM MASUK | L41: -
A42: 03.09.2025 | B42: 3331548394 | C42: ALIEF | D42: 24140305 | E42: PT. HEXA PRIMA PERSADA TGR | F42: JABODETABEK | G42: 26626.47 | H42: TRONTON | I42: 1 | J42: 1 | K42: =IFERROR(VLOOKUP(B42,'IN OUT'!F:G,2,FALSE), "BELUM MASUK") -> BELUM MASUK | L42: 0.84027778
A43: 03.09.2025 | B43: 3331548958 | C43: BRJ | D43: 24140306 | E43: PT. APP PURINUSA EKAPERSADA DEMAK | F43: JAWA TENGAH | G43: 42969.278 | H43: TRAILER | I43: 1 | J43: 1 | K43: =IFERROR(VLOOKUP(B43,'IN OUT'!F:G,2,FALSE), "BELUM MASUK") -> BELUM MASUK | L43: -
A44: 03.09.2025 | B44: 3331548967 | C44: SIBA SURYA | D44: 24140307 | E44: PT. APP PURINUSA EKAPERSADA DEMAK | F44: JAWA TENGAH | G44: 43071.89 | H44: TRAILER | I44: 1 | J44: 1 | K44: 0.71081019 | L44: 0.0625
A45: 03.09.2025 | B45: 3331548968 | C45: YUSHAR | D45: 24140309 | E45: PT. APP PURINUSA EKAPERSADA BAWEN | F45: JAWA TENGAH | G45: 32961.59 | H45: TRAILER | I45: 1 | J45: 1 | K45: =IFERROR(VLOOKUP(B45,'IN OUT'!F:G,2,FALSE), "BELUM MASUK") -> BELUM MASUK | L45: -
A46: 03.09.2025 | B46: 3331548969 | C46: BRJ | D46: 24140310 | E46: PT. APP PURINUSA EKAPERSADA BAWEN | F46: JAWA TENGAH | G46: 34967.554 | H46: TRAILER | I46: 1 | J46: 0 | K46: =IFERROR(VLOOKUP(B46,'IN OUT'!F:G,2,FALSE), "BELUM MASUK") -> BELUM MASUK | L46: -
A47: 03.09.2025 | B47: 3331547878 | C47: BRJ | D47: 24140311 | E47: JAWASURYA KENCANAINDAH, PT SEMARANG | F47: JAWA TENGAH | G47: 42299.445 | H47: TRAILER | I47: 1 | J47: 0 | K47: =IFERROR(VLOOKUP(B47,'IN OUT'!F:G,2,FALSE), "BELUM MASUK") -> BELUM MASUK | L47: -
A48: 03.09.2025 | B48: 3331549001 | C48: BRJ | D48: 24140312 | E48: PT. CAKRAWALA CEMERLANG BOX MOJOKERTO | F48: JAWA TIMUR | G48: 40818.075 | H48: TRAILER | I48: 1 | J48: 0 | K48: 0.20208333 | L48: -
A49: 03.09.2025 | B49: 3331549014 | C49: SILOG | D49: 24140313 | E49: PT. GLOBAL PAPYRUS SEMESTA | F49: JABODETABEK | G49: 22104.975 | H49: TRONTON | I49: 1 | J49: 1 | K49: 0.69403935 | L49: -
A50: 03.09.2025 | B50: 3331549063 | G50: 2026.08 | H50: TRONTON | L50: -
A51: 03.09.2025 | B51: 3331549019 | C51: SILOG | D51: 24140314 | E51: PT. APP PURINUSA EKAPERSADA SBG | F51: JABODETABEK | G51: 20301.08 | H51: TRONTON | I51: 1 | J51: 1 | K51: 0.8262037 | L51: -
A52: 03.09.2025 | B52: 3331549073 | C52: ALIEF | D52: 24140315 | E52: PT. APP PURINUSA EKAPERSADA BDG | F52: JABODETABEK | G52: 26098.658 | H52: TRONTON | I52: 1 | J52: 1 | K52: 0.75359954 | L52: -
A53: 03.09.2025 | B53: 3331549101 | C53: SIBA SURYA | D53: 24140316 | E53: PT. CAKRAWALA CEMERLANG BOX | F53: JAWA TIMUR | G53: 46276.201 | H53: TRAILER | I53: 1 | J53: 1 | K53: 0.95194444 | L53: -
A54: 03.09.2025 | B54: 3331549149 | C54: TRANSINDO | D54: 24140318 | E54: MULTI ARTHA ABADI, PT | F54: JABODETABEK | G54: 25114.95 | H54: TRONTON | I54: 1 | J54: 1 | K54: 0.7628588 | L54: BATAL MUAT
A55: 03.09.2025 | B55: 3331549158 | C55: SILOG | D55: 24140319 | E55: MULTI ARTHA ABADI, PT | F55: JABODETABEK | G55: 22543.454 | H55: TRONTON | I55: 1 | J55: 1 | K55: 0.9328588 | L55: -
A56: 03.09.2025 | B56: 3331549164 | C56: SILOG | D56: 24140321 | E56: MULTI ARTHA ABADI, PT | F56: JABODETABEK | G56: 27921.53 | H56: TRONTON | I56: 1 | J56: 1 | K56: 0.86071759 | L56: -
A57: 03.09.2025 | B57: 3331549168 | C57: ALIEF | D57: 24140323 | E57: PT. TRISTAR MAKMUR KARTONINDO, GD | F57: JABODETABEK | G57: 30009.3 | H57: TRONTON | I57: 1 | J57: 1 | K57: 0.78456019 | L57: 0.083333333
A58: 03.09.2025 | B58: 3331549173 | C58: ALIEF | D58: 24140324 | E58: PT. TRISTAR MAKMUR KARTONINDO, GD | F58: JABODETABEK | G58: 25702.875 | H58: TRONTON | I58: 1 | J58: 1 | K58: 0.81268519 | L58: -
A59: 03.09.2025 carry over | B59: 3331548968 | C59: YUSHAR | D59: 24140309 | E59: PT. APP PURINUSA EKAPERSADA BAWEN | F59: JAWA TENGAH | G59: 32961.59 | H59: TRAILER | I59: 1 | J59: 1 | K59: =IFERROR(VLOOKUP(B59,'IN OUT'!F:G,2,FALSE), "BELUM MASUK") -> BELUM MASUK | L59: -
A60: 03.09.2025 carry over | B60: 3331548969 | C60: BRJ | D60: 24140310 | E60: PT. APP PURINUSA EKAPERSADA BAWEN | F60: JAWA TENGAH | G60: 34967.554 | H60: TRAILER | I60: 1 | J60: 0 | K60: =IFERROR(VLOOKUP(B60,'IN OUT'!F:G,2,FALSE), "BELUM MASUK") -> BELUM MASUK | L60: -
A61: 03.09.2025 carry over | B61: 3331547878 | C61: BRJ | D61: 24140311 | E61: JAWASURYA KENCANAINDAH, PT | F61: JAWA TENGAH | G61: 42299.445 | H61: TRAILER | I61: 1 | J61: 0 | K61: =IFERROR(VLOOKUP(B61,'IN OUT'!F:G,2,FALSE), "BELUM MASUK") -> BELUM MASUK | L61: -
A62: 03.09.2025 carry over | B62: 3331549001 | C62: BRJ | D62: 24140312 | E62: PT. CAKRAWALA CEMERLANG BOX | F62: JAWA TIMUR | G62: 40818.075 | H62: TRAILER | I62: 1 | J62: 0 | K62: 0.20208333 | L62: -
A63: 03.09.2025 Carry Over lom GI | B63: 3331548968 | C63: YUSHAR | D63: 24140309 | E63: PT. APP PURINUSA EKAPERSADA BAWEN | F63: JAWA TENGAH | G63: 32961.59 | H63: TRAILER | I63: 1 | J63: 1 | K63: =IFERROR(VLOOKUP(B63,'IN OUT'!F:G,2,FALSE), "BELUM MASUK") -> BELUM MASUK | L63: =IFERROR(VLOOKUP(B63,'IN OUT'!F:H,3,FALSE), "BELUM KELUAR") -> BELUM KELUAR
A64: 03.09.2025 Carry Over lom GI | B64: 3331548969 | C64: BRJ | D64: 24140310 | E64: PT. APP PURINUSA EKAPERSADA BAWEN | F64: JAWA TENGAH | G64: 34967.554 | H64: TRAILER | I64: 1 | J64: 1 | K64: =IFERROR(VLOOKUP(B64,'IN OUT'!F:G,2,FALSE), "BELUM MASUK") -> BELUM MASUK
A65: 03.09.2025 Carry Over lom GI | B65: 3331547878 | C65: BRJ | D65: 24140311 | E65: JAWASURYA KENCANAINDAH, PT SMG | F65: JAWA TENGAH | G65: 42299.445 | H65: TRAILER | I65: 1 | J65: 1 | K65: =IFERROR(VLOOKUP(B65,'IN OUT'!F:G,2,FALSE), "BELUM MASUK") -> BELUM MASUK | L65: 0.68541667
A66: 03.09.2025 Carry Over lom GI | B66: 3331549001 | C66: BRJ | D66: 24140312 | E66: PT. CAKRAWALA CEMERLANG BOX MOJO | F66: JAWA TIMUR | G66: 40818.075 | H66: TRAILER | I66: 1 | J66: 1 | K66: =IFERROR(VLOOKUP(B66,'IN OUT'!F:G,2,FALSE), "BELUM MASUK") -> BELUM MASUK
A67: 04.09.2025 | B67: 3331549196 | C67: SILOG | D67: 24140326 | E67: PT. KATI KARTIKA MURNI CIKARANG | F67: JABODETABEK | G67: 25376.35 | H67: TRONTON | I67: 1 | J67: 1 | K67: =IFERROR(VLOOKUP(B67,'IN OUT'!F:G,2,FALSE), "BELUM MASUK") -> BELUM MASUK
A68: 04.09.2025 | B68: 3331548636 | C68: SILOG | D68: 24140327 | E68: JAWASURYA KENCANAINDAH, PT SMG | F68: JAWA TENGAH | G68: 42872.295 | H68: TRAILER | I68: 1 | J68: 1 | K68: MASUK
A69: 04.09.2025 | B69: 3331549287 | C69: SIBA | D69: 24140328 | E69: PT. CAKRAWALA CEMERLANG BOX MOJO | F69: JAWA TIMUR | G69: 47802.825 | H69: TRAILER | I69: 1 | J69: 1 | K69: =IFERROR(VLOOKUP(B69,'IN OUT'!F:G,2,FALSE), "BELUM MASUK") -> BELUM MASUK
A70: 04.09.2025 | B70: 3331549288 | C70: SILOG | D70: 24140329 | E70: CIPTA MULTI BUANA PERKASA, PT JKBR | F70: JABODETABEK | G70: 24670.74 | H70: TRONTON | I70: 1 | J70: 1 | K70: =IFERROR(VLOOKUP(B70,'IN OUT'!F:G,2,FALSE), "BELUM MASUK") -> BELUM MASUK | L70: 0.65427083
A71: 04.09.2025 | B71: 3331549290 | C71: SILOG | D71: 24140330 | E71: CIPTA MULTI BUANA PERKASA, PT JKBR | F71: JABODETABEK | G71: 25234.545 | H71: TRONTON | I71: 1 | J71: 1 | K71: =IFERROR(VLOOKUP(B71,'IN OUT'!F:G,2,FALSE), "BELUM MASUK") -> BELUM MASUK | L71: 0.725
A72: 04.09.2025 | B72: 3331549303 | C72: SILOG | D72: 24140335 | E72: PT. APP PURINUSA EKAPERSADA BAWEN | F72: JAWA TENGAH | G72: 31377.14 | H72: TRAILER | I72: 1 | J72: 1 | K72: 0.71967593
A73: 04.09.2025 | B73: 3331549302 | C73: ELANG | D73: 24140334 | E73: PT. APP PURINUSA EKAPERSADA BAWEN | F73: JAWA TENGAH | G73: 33582.292 | H73: TRAILER | I73: 1 | J73: 1 | K73: =IFERROR(VLOOKUP(B73,'IN OUT'!F:G,2,FALSE), "BELUM MASUK") -> BELUM MASUK
A74: 04.09.2025 | B74: 3331549306 | C74: BRJ | D74: 24140338 | E74: PT. APP PURINUSA EKAPERSADA DEMAK | F74: JAWA TENGAH | G74: 32448.53 | H74: TRAILER | I74: 1 | J74: 1 | K74: =IFERROR(VLOOKUP(B74,'IN OUT'!F:G,2,FALSE), "BELUM MASUK") -> BELUM MASUK
A75: 04.09.2025 | B75: 3331549308 | C75: BRJ | D75: 24140336 | E75: PT. APP PURINUSA EKAPERSADA DEMAK | F75: JAWA TENGAH | G75: 30972.728 | H75: TRAILER | I75: 1 | J75: 0 | K75: MASUK
A76: 04.09.2025 | B76: 3331549310 | C76: BRJ | D76: 24140337 | E76: PT. APP PURINUSA EKAPERSADA DEMAK | F76: JAWA TENGAH | G76: 31570.292 | H76: TRAILER | I76: 1 | J76: 0 | K76: MASUK
A77: 04.09.2025 | B77: 3331549284 | C77: SILOG | D77: 24140339 | E77: PT. TRISTAR MAKMUR KARTONINDO, GD CKR | F77: JABODETABEK | G77: 4889.325 | H77: TRONTON | I77: 1 | J77: 1 | K77: 45904.467
A78: 04.09.2025 | B78: 3331549286 | E78: PT. TRISTAR MAKMUR KARTONINDO, GD CKR | G78: 20213.565
A79: 04.09.2025 | B79: 3331549314 | C79: ALIEF | D79: 24140340 | E79: PT. TRISTAR MAKMUR KARTONINDO, GD CKR | F79: JABODETABEK | G79: 24895.86 | H79: TRONTON | I79: 1 | J79: 1 | K79: =IFERROR(VLOOKUP(B79,'IN OUT'!F:G,2,FALSE), "BELUM MASUK") -> BELUM MASUK
A80: 04.09.2025 | B80: 3331549316 | C80: ALIEF | D80: 24140341 | E80: PT. TRISTAR MAKMUR KARTONINDO, GD CKR | F80: JABODETABEK | G80: 24557.175 | H80: TRONTON | I80: 1 | J80: 1 | K80: MASUK
A81: 04.09.2025 | B81: 3331549319 | C81: ALIEF | D81: 24140342 | E81: PT. TRISTAR MAKMUR KARTONINDO, GD CKR | F81: JABODETABEK | G81: 24780.285 | H81: TRONTON | I81: 1 | J81: 1 | K81: =IFERROR(VLOOKUP(B81,'IN OUT'!F:G,2,FALSE), "BELUM MASUK") -> BELUM MASUK
A82: 04.09.2025 | B82: 3331549321 | C82: ELANG | D82: 24140343 | E82: MULTI ARTHA ABADI, PT TGR | F82: JABODETABEK | G82: 24602.4 | H82: TRONTON | I82: 1 | J82: 1 | K82: 0.69604167
A83: 04.09.2025 | B83: 3331549324 | C83: ELANG | D83: 24140344 | E83: MULTI ARTHA ABADI, PT TGR | F83: JABODETABEK | G83: 25388.31 | H83: TRONTON | I83: 1 | J83: 1 | K83: =IFERROR(VLOOKUP(B83,'IN OUT'!F:G,2,FALSE), "BELUM MASUK") -> BELUM MASUK
A84: 04.09.2025 | B84: 3331549327 | C84: ALIEF | D84: 24140346 | E84: PT. GLOBAL PAPYRUS SEMESTA BANDUNG | F84: JABODETABEK | G84: 26166.06 | H84: TRONTON | I84: 1 | J84: 1 | K84: =IFERROR(VLOOKUP(B84,'IN OUT'!F:G,2,FALSE), "BELUM MASUK") -> BELUM MASUK
A85: 04.09.2025 | B85: 3331549363 | C85: SIBA | D85: 24140350 | E85: PT. ANUGRAH ANEKABOX GRESIK | F85: JAWA TIMUR | G85: 44167.74 | H85: TRAILER | I85: 1 | J85: 1 | K85: MASUK
A86: 04.09.2025 | B86: 3331549372 | C86: CGL | D86: 24140347 | E86: PT. KATI KARTIKA MURNI | F86: JABODETABEK | G86: 19610.964 | H86: TRONTON | I86: 1 | J86: 1 | K86: MASUK
A87: 04.09.2025 | B87: 3331548970 | E87: PT. KATI KARTIKA MURNI | G87: 6192.936 | K87: MASUK
A88: 04.09.2025 | B88: 3331549376 | C88: ALIEF | D88: 24140348 | E88: CIPTA MULTI BUANA PERKASA, PT JKBR | F88: JABODETABEK | G88: 24456.676 | H88: TRONTON | I88: 1 | J88: 1 | K88: 0.69027778
A89: 04.09.2025 | B89: 3331549384 | C89: SILOG | D89: 24140349 | E89: CIPTA MULTI BUANA PERKASA, PT JKBR | F89: JABODETABEK | G89: 24456.676 | H89: TRONTON | I89: 1 | J89: 1 | K89: MASUK
A90: 04.09.2025 | B90: 3331549385 | C90: ALIEF | D90: 24140351 | E90: CIPTA MULTI BUANA PERKASA, PT JKBR | F90: JABODETABEK | G90: 24783.301 | H90: TRONTON | I90: 1 | J90: 1 | K90: MASUK
A91: 04.09.2025 | B91: 3331549326 | C91: ALIEF | D91: 24140354 | E91: MULTI ARTHA ABADI, PT TGR | F91: JABODETABEK | G91: 25056.442 | H91: TRONTON | I91: 1 | J91: 1 | K91: 0.73116898
A92: 04.09.2025 | B92: 3331549396 | C92: BRJ | D92: 24140352 | E92: PT. APP PURINUSA EKAPERSADA DEMAK | F92: JAWA TENGAH | G92: 32096.429 | H92: TRAILER | I92: 1 | J92: 0 | K92: MASUK
A93: 04.09.2025 | B93: 3331549402 | C93: BRJ | D93: 24140353 | E93: PT. APP PURINUSA EKAPERSADA DEMAK | F93: JAWA TENGAH | G93: 30923.434 | H93: TRAILER | I93: 1 | J93: 0 | K93: MASUK
A94: 04.09.2025 | B94: 3331549410 | C94: SILOG | D94: 24140355 | E94: PT. APP PURINUSA EKAPERSADA DEMAK | F94: JAWA TENGAH | G94: 35458.482 | H94: TRAILER | I94: 1 | J94: 0 | K94: MASUK
A95: 04.09.2025 | B95: 3331549412 | C95: BRJ | D95: 24140356 | E95: PT. APP PURINUSA EKAPERSADA BAWEN | F95: JAWA TENGAH | G95: 29603.562 | H95: TRAILER | I95: 1 | J95: 0 | K95: MASUK
A96: 04.09.2025 | B96: 3331549414 | C96: ALIEF | D96: 24140357 | E96: PT. APP PURINUSA EKAPERSADA BANDUNG | F96: JABODETABEK | G96: 24978.98 | H96: TRONTON | I96: 1 | J96: 1 | K96: MASUK
A97: 04.09.2025 | B97: 3331549424 | C97: YUSHAR | D97: 24140358 | E97: PT. APP PURINUSA EKAPERSADA BAWEN | F97: JAWA TENGAH | G97: 34762.33 | H97: TRAILER | I97: 1 | J97: 0 | K97: MASUK
A98: 04.09.2025 | B98: 3331549426 | C98: YUSHAR | D98: 24140359 | E98: PT. APP PURINUSA EKAPERSADA BAWEN | F98: JAWA TENGAH | G98: 37289.905 | H98: TRAILER | I98: 1 | J98: 0 | K98: MASUK
A99: 04.09.2025 | B99: 3331549281 | C99: ALIEF | D99: 24140360 | E99: PT. APP PURINUSA EKAPERSADA SBG | F99: JABODETABEK | G99: 12645.42 | H99: TRONTON | I99: 1 | J99: 1 | K99: MASUK
A100: 04.09.2025 | B100: 3331549422 | E100: PT. APP PURINUSA EKAPERSADA SBG | G100: 7319.656
A101: 04.09.2025 | B101: 3331549444 | C101: ALIEF | D101: 24140361 | E101: PT. KEMASAN INDAH SEJAHTERA TGR | F101: JABODETABEK | G101: 27136.85 | H101: TRONTON | I101: 1 | J101: 1 | K101: MASUK
A102: 04.09.2025 | B102: 3331549452 | C102: SILOG | D102: 24140362 | E102: PT. KEMASAN INDAH SEJAHTERA TGR | F102: JABODETABEK | G102: 26148.958 | H102: TRONTON | I102: 1 | J102: 1 | K102: MASUK
...

Sheet 12.09.25
A1: ALL PLAN TODAY | B1: =TODAY() -> 45977 | D1: PLANNING | E1: JAM 7 PAGI - JAM 3 SORE | H1: PLANNING | I1: NEXT DAY | K1: ***CANCEL DN 3331551460, 3331548644 (JASKIN), 458, 459, 466, 468, 469, 492*** (TJIWI KIMIA) | P1: SILOG | Q1: =COUNTIF($C$20:$C$1019,"SILOG") -> 16 | R1: =IFERROR(VLOOKUP(J1,'IN OUT'!L:M,2,FALSE), "BELUM MASUK") -> BELUM MASUK
D2: PLAN AREA | E2: QTY TRUCK | F2: TONASE (MT) | H2: PLAN AREA | I2: QTY TRUCK | J2: TONASE (MT) | P2: SIBA | Q2: =COUNTIF($C$20:$C$1019,"SIBA") -> 0
A3: ALL PLAN TODAY | B3: =SUM(I20:I1133) -> 71 | D3: JABODETABEK | E3: =COUNTIF(F20:F1039,"JABODETABEK") -> 31 | F3: =SUMIF(F20:F1039, "JABODETABEK", G20:G1039) -> 814089.51 | H3: JABODETABEK | I3: {=SUMPRODUCT(--(RIGHT(F30:F1036,20)="JABODETABEK NEXT DAY"))} -> 18 | J3: =SUMIF(F32:F1039, "JABODETABEK NEXT DAY", G32:G1039) -> 467459.55 | P3: YUSHAR | Q3: =COUNTIF($C$20:$C$1019,"YUSHAR") -> 6
A4: TRUCK AVAILABLE | B4: =SUM(J20:J1167) -> 70 | D4: JAWA TENGAH | E4: =COUNTIF(F20:F1040, "JAWA TENGAH") -> 0 | F4: =SUMIF(F20:F1040, "JAWA TENGAH", G20:G1040) -> 0 | H4: JAWA TENGAH | I4: {=SUMPRODUCT(--(RIGHT(F31:F1037,20)="JAWA TENGAH NEXT DAY"))} -> 1 | J4: =SUMIF(F32:F1040, "JAWA TENGAH NEXT DAY", G32:G1040) -> 24487.83 | P4: BRJ | Q4: =COUNTIF($C$20:$C$1019,"BRJ") -> 3
A5: SUDAH MASUK | B5: =COUNTIF(K20:K1016,"MASUK") -> 76 | D5: JAWA TIMUR | E5: =COUNTIF(F20:F1041, "JAWA TIMUR") -> 6 | F5: =SUMIF(F20:F1041, "JAWA TIMUR", G20:G1041) -> 235419.42 | H5: JAWA TIMUR | I5: {=SUMPRODUCT(--(RIGHT(F32:F1038,20)="JAWA TIMUR NEXT DAY"))} -> 11 | J5: =SUMIF(F32:F1041, "JAWA TIMUR NEXT DAY", G32:G1041) -> 432320.15 | P5: ALIEF | Q5: =COUNTIF($C$20:$C$1019,"ALIEF") -> 15
A6: BELUM MASUK | B6: =COUNTIF(K20:K1016,"BELUM MASUK") -> 0 | D6: TOTAL PLAN JAM 7-3 | E6: =SUM(E3:E5) -> 37 | F6: =SUM(F3:F5) -> 1049508.9 | H6: TOTAL PLAN NEXT DAY | I6: =SUM(I3:I5) -> 30 | J6: =SUM(J3:J5) -> 924267.53 | P6: ELANG | Q6: =COUNTIF($C$20:$C$1019,"ELANG") -> 1
A7: KURANG TRUCK | B7: =(B3-B4)-I10 -> -3 | P7: CGL | Q7: =COUNTIF($C$20:$C$1019,"CGL") -> 0
D8: PLANNING | E8: DIATAS JAM 3 SORE | H8: PLANNING | I8: INTER ISLAND | P8: *AKTUAL | Q8: =SUM(Q1:Q7) -> 41
A9: TRUCK TYPE | D9: PLAN AREA | E9: QTY TRUCK | F9: TONASE (MT) | H9: PLAN AREA | I9: QTY TRUCK | J9: TONASE (MT)
A10: TRAILER | B10: =SUMIF($H$20:$H$1039, "TRAILER", $I$20:$I$1038) -> 21 | D10: JABODETABEK | E10: =COUNTIF(F82:F1046,"JABODETABEK") -> 7 | F10: =SUMIF(F83:F1046,"JABODETABEK", G83:G1046) -> 155115.6 | H10: BATAM | I10: =COUNTIF(F20:F1041,"INTERISLAND") -> 4 | J10: =SUMIF(F20:F1041,"INTERISLAND ",G20:G1041) -> 0
A11: TRONTON | B11: =SUMIF($H$20:$H$1040, "TRONTON", $I$20:$I$1039) -> 46 | D11: JAWA TENGAH | E11: =COUNTIF(F83:F1047,"JAWA TENGAH") -> 0 | F11: =SUMIF(F83:F1047, "JAWA TENGAH", G83:G1047) -> 0
A12: HC45 | B12: 4 | D12: JAWA TIMUR NEXTDAY | E12: =COUNTIF(F83:F1048, "JAWA TIMUR NEXT DAY") -> 2 | F12: =SUMIF(F83:F1048, "JAWA TIMUR NEXT DAY", G83:G1048) -> 71699.366 | H12: DELIVERY RESULT | S12: =29+29+4 -> 62
A13: CARRY OVER TONASE | B13: =$G$20+$G$25+$G$26+$G$27 -> 104713.92 | D13: TOTAL PLAN JAM 3 | E13: =SUM(E10:E12) -> 9 | F13: =SUM(F10:F12) -> 226814.96 | H13: PLAN AREA | I13: PLAN | J13: REALISASI
A14: CARRY OVER TRUCK | B14: 4 | H14: PLAN S/D JAM 3 | I14: =COUNTIF(F24:F1045,"INTERISLAND") -> 4 | J14: =SUMIF(F24:F1045,"INTERISLAND ",G24:G1045) -> 0
A15: AMBIL SENDIRI KEMARIN | B15: 3 | D15: ALL PLAN | E15: =E6+I6+I10 -> 71 | H15: PLAN NEXT DAY | I15: =COUNTIF(F25:F1046,"INTERISLAND") -> 4 | J15: =SUMIF(F25:F1046,"INTERISLAND ",G25:G1046) -> 0
A16: NEXT DAY KEMARIN | B16: 4 | D16: TOTAL MT | E16: =F6+J6 -> 1973776.5 | H16: PLAN INTER ISLAND | I16: =COUNTIF(F26:F1047,"INTERISLAND") -> 4 | J16: =SUMIF(F26:F1047,"INTERISLAND ",G26:G1047) -> 0
A17: AMBIL SENDIRI+NEXTDAY TON
A19: Tanggal | B19: Delivery | C19: Vendor | D19: SN | E19: Name ship-to party | F19: AREA | G19: TOTAL WEIGHT | H19: TRUCK TYPE | I19: QTY KEBUTUHAN | J19: KETERSEDIAAN | K19: GATE IN
A20: 11.09.2025 BLM GI CR OVER | B20: 3331551124 | C20: YUSHAR | D20: 24140469 | E20: PT. APP PURINUSA EKAPERSADA BANDUNG | F20: JABODETABEK | G20: 26578.017 | H20: =IF(G20>28000,"TRAILER","TRONTON") -> TRONTON | I20: 1 | J20: 1 | K20: MASUK
A21: 11.09.2025 AMBIL SENDIRI | B21: 3331551177 | C21: BRJ | D21: 24140477 | E21: PT KARYA INDAH MULTIGUNA AMBIL SENDIRI | F21: JABODETABEK | G21: 36297.486 | H21: =IF(G21>28000,"TRAILER","TRONTON") -> TRAILER | I21: 1 | J21: 1 | K21: MASUK
A22: 11.09.2025 AMBIL SENDIRI | B22: 3331551181 | C22: BRJ | D22: 24140479 | E22: PT KARYA INDAH MULTIGUNA AMBIL SENDIRI | F22: JABODETABEK | G22: =9471.49+25738.51 -> 35210 | H22: =IF(G22>28000,"TRAILER","TRONTON") -> TRAILER | I22: 1 | J22: 1 | K22: MASUK
A23: = | B23: 3331551215 | C23: = | D23: = | E23: = | F23: = | G23: = | H23: = | I23: = | J23: = | K23: MASUK
A24: 11.09.2025 AMBIL SENDIRI | B24: 3331551212 | C24: BRJ | D24: 24140480 | E24: PT KARYA INDAH MULTIGUNA AMBIL SENDIRI | F24: JABODETABEK | G24: 36856.57 | H24: =IF(G24>28000,"TRAILER","TRONTON") -> TRAILER | I24: 1 | J24: 1 | K24: MASUK
A25: 11.09.2025 BLM GI CR OVER | B25: 3331551283 | C25: YUSHAR | D25: 24140489 | E25: PT. PARAMITRA GUNAKARYA CEMERLANG | F25: JABODETABEK | G25: 24431.213 | H25: =IF(G25>28000,"TRAILER","TRONTON") -> TRONTON | I25: 1 | J25: 0 | K25: MASUK
A26: 11.09.2025 BLM GI CR OVER | B26: 3331551327 | C26: SILOG | D26: 24140493 | E26: PT. KEMASAN INDAH SEJAHTERA TGR | F26: JABODETABEK | G26: 26852.344 | H26: =IF(G26>28000,"TRAILER","TRONTON") -> TRONTON | I26: 1 | J26: 1 | K26: MASUK
A27: 11.09.2025 BLM GI CR OVER | B27: 3331551329 | C27: TFT | D27: 24140494 | E27: PT. KEMASAN INDAH SEJAHTERA TGR | F27: JABODETABEK | G27: 26852.344 | H27: =IF(G27>28000,"TRAILER","TRONTON") -> TRONTON | I27: 1 | J27: 1 | K27: MASUK
A28: 11.09.2025 | B28: 3331551328 | C28: SILOG | D28: 24140497 | E28: PT PABRIK KERTAS TJIWI KIMIA | F28: JAWA TIMUR | G28: 39334.6 | H28: =IF(G28>28000,"TRAILER","TRONTON") -> TRAILER | I28: 1 | J28: 1 | K28: MASUK
A29: 11.09.2025 | B29: 3331551336 | C29: KIM | D29: 24140496 | E29: PT PABRIK KERTAS TJIWI KIMIA | F29: JAWA TIMUR | G29: 39334.6 | H29: =IF(G29>28000,"TRAILER","TRONTON") -> TRAILER | I29: 1 | J29: 1 | K29: MASUK
A30: 11.09.2025 | B30: 3331551337 | C30: SILOG | D30: 24140498 | E30: PT PABRIK KERTAS TJIWI KIMIA | F30: JAWA TIMUR | G30: 43909.888 | H30: =IF(G30>28000,"TRAILER","TRONTON") -> TRAILER | I30: 1 | J30: 1 | K30: MASUK
A31: 11.09.2025 | B31: 3331551338 | C31: KIM | D31: 24140499 | E31: PT PABRIK KERTAS TJIWI KIMIA | F31: JAWA TIMUR | G31: 41301.33 | H31: =IF(G31>28000,"TRAILER","TRONTON") -> TRAILER | I31: 1 | J31: 1 | K31: MASUK
A32: 14.09.2025 NEXT DAY | B32: 3331551476 | C32: KIM | D32: 24140560 | E32: PT PABRIK KERTAS TJIWI KIMIA | F32: JAWA TIMUR NEXT DAY | G32: 39953.039 | H32: =IF(G32>28000,"TRAILER","TRONTON") -> TRAILER | I32: 1 | J32: 1 | K32: MASUK
A33: 14.09.2025 NEXT DAY | B33: 3331551479 | C33: KIM | D33: 24140561 | E33: PT PABRIK KERTAS TJIWI KIMIA | F33: JAWA TIMUR NEXT DAY | G33: 39910.033 | H33: =IF(G33>28000,"TRAILER","TRONTON") -> TRAILER | I33: 1 | J33: 1 | K33: MASUK
A34: 15.09.2025 NEXT DAY | B34: 3331551481 | C34: KIM | D34: 24140562 | E34: PT PABRIK KERTAS TJIWI KIMIA | F34: JAWA TIMUR NEXT DAY | G34: 39135.915 | H34: =IF(G34>28000,"TRAILER","TRONTON") -> TRAILER | I34: 1 | J34: 1 | K34: MASUK
A35: 15.09.2025 NEXT DAY | B35: 3331551485 | C35: KIM | D35: 24140563 | E35: PT PABRIK KERTAS TJIWI KIMIA | F35: JAWA TIMUR NEXT DAY | G35: 39135.915 | H35: =IF(G35>28000,"TRAILER","TRONTON") -> TRAILER | I35: 1 | J35: 1 | K35: MASUK
... A68: 15.09.2025 | B68: 3331551530 | C68: ALIEF | D68: 24140529 | E68: PT. APP PURINUSA EKAPERSADA SBG | F68: JABODETABEK | G68: 24685.229 | H68: =IF(G68>28000,"TRAILER","TRONTON") -> TRONTON | I68: 1 | J68: 1 | K68: MASUK
A69: 12.09.2025 | B69: 3331551526 | C69: ALIEF | D69: 24140530 | E69: PT. KEMASAN INDAH SEJAHTERA TGR | F69: JABODETABEK | G69: 25913.552 | H69: =IF(G69>28000,"TRAILER","TRONTON") -> TRONTON | I69: 1 | J69: 1 | K69: MASUK | O69: =22+36 -> 58
A70: 12.09.2025 | B70: 3331551534 | C70: TFT | D70: 24140531 | E70: PT. KEMASAN INDAH SEJAHTERA TGR | F70: JABODETABEK | G70: 24214.227 | H70: =IF(G70>28000,"TRAILER","TRONTON") -> TRONTON | I70: 1 | J70: 1 | K70: MASUK
A71: 14.09.2025 | B71: 3331551536 | C71: TFT | D71: 24140532 | E71: PT. KEMASAN INDAH SEJAHTERA TGR | F71: JABODETABEK | G71: 23884.459 | H71: =IF(G71>28000,"TRAILER","TRONTON") -> TRONTON | I71: 1 | J71: 1 | K71: MASUK
A72: 15.09.2025 | B72: 3331551538 | C72: ALIEF | D72: 24140533 | E72: PT. APP PURINUSA EKAPERSADA SBG | F72: JABODETABEK | G72: 24857.255 | H72: =IF(G72>28000,"TRAILER","TRONTON") -> TRONTON | I72: 1 | J72: 1 | K72: MASUK
A73: 13.09.2025 | B73: 3331551565 | C73: TPIL | D73: 24140546 | E73: PT. ASIA PAPERINDO PERKASA BATAM GB1 | F73: INTERISLAND | G73: =8978.55+10752.128+7534.374 -> 27265.052 | H73: HC45 | I73: 1 | J73: 1 | K73: MASUK
A74: 13.09.2025 | B74: 3331551589 | C74: TPIL | D74: 24140546 | F74: = | G74: = | H74: = | I74: = | J74: = | K74: MASUK
A75: 13.09.2025 | B75: 3331551577 | C75: TPIL | D75: 24140546 | F75: = | G75: = | H75: = | I75: = | J75: = | K75: MASUK
A76: 13.09.2025 | B76: 3331551569 | C76: TPIL | D76: 24140547 | E76: PT. ASIA PAPERINDO PERKASA BATAM | F76: INTERISLAND | G76: 27363.2 | H76: HC45 | I76: 1 | J76: 1 | K76: MASUK
A77: 30.09.2025 | B77: 3331551574 | C77: TPIL | D77: 24140549 | E77: PT. ASIA PAPERINDO PERKASA BATAM | F77: INTERISLAND | G77: =2078.448+23942.8 -> 26021.248 | H77: HC45 | I77: 1 | J77: 1 | K77: MASUK
A78: 13.09.2025 | B78: 3331551595 | C78: TPIL | D78: = | E78: = | F78: = | G78: = | H78: = | I78: = | J78: = | K78: MASUK
A79: 13.09.2025 | B79: 3331551590 | C79: TPIL | D79: 24140550 | E79: PT. ASIA PAPERINDO PERKASA | F79: INTERISLAND | G79: 25980.6 | H79: HC45 | I79: 1 | J79: 1 | K79: MASUK
A80: 15.09.2025 | B80: 3331551491 | C80: SILOG | D80: 24140541 | E80: PT. KATI KARTIKA MURNI | F80: JABODETABEK | G80: =19530.765+7786.44 -> 27317.205 | H80: =IF(G80>28000,"TRAILER","TRONTON") -> TRONTON | I80: 1 | J80: 1 | K80: MASUK
A81: 15.09.2025 | B81: 3331551541 | C81: = | D81: = | E81: = | F81: = | G81: = | H81: = | I81: = | J81: = | K81: MASUK
A82: 14.09.2025 | B82: 3331551588 | C82: ALIEF | D82: 24140553 | E82: PT OJI SINAR MAS PACKAGING | F82: JABODETABEK | G82: 19601.333 | H82: =IF(G82>28000,"TRAILER","TRONTON") -> TRONTON | I82: 1 | J82: 1 | K82: MASUK
A83: 12.09.2025 | B83: 3331551641 | C83: SILOG | D83: 24140556 | E83: CIPTA MULTI BUANA PERKASA, PT | F83: JABODETABEK | G83: 25153.149 | H83: =IF(G83>28000,"TRAILER","TRONTON") -> TRONTON | I83: 1 | J83: 1 | K83: MASUK
A84: 12.09.2025 | B84: 3331551645 | C84: SILOG | D84: 24140557 | E84: CIPTA MULTI BUANA PERKASA, PT | F84: JABODETABEK | G84: 28925.166 | H84: =IF(G84>29000,"TRAILER","TRONTON") -> TRONTON | I84: 1 | J84: 1 | K84: MASUK
A85: 12.09.2025 NEXT DAY | B85: 3331551647 | C85: BLM BOOKING | D85: 24140558 | E85: PT. CAKRAWALA CEMERLANG BOX | F85: JAWA TIMUR NEXT DAY | G85: 34284.22 | H85: =IF(G85>29000,"TRAILER","TRONTON") -> TRAILER | I85: 1 | J85: 1 | K85: MASUK
A86: 12.09.2025 NEXT DAY | B86: 3331551501 | C86: BLM BOOKING | D86: 24140559 | E86: PT. CAKRAWALA CEMERLANG BOX | F86: JAWA TIMUR NEXT DAY | G86: 37415.146 | H86: =IF(G86>29000,"TRAILER","TRONTON") -> TRAILER | I86: 1 | J86: 1 | K86: MASUK
A87: 13.09.2025 | B87: 3331551594 | C87: YUSHAR | D87: 24140551 | E87: PT. PARAMITRA GUNAKARYA CEMERLANG | F87: JABODETABEK NEXT DAY | G87: 24811.473 | H87: =IF(G87>29000,"TRAILER","TRONTON") -> TRONTON | I87: 1 | J87: 1 | K87: MASUK
A88: 14.09.2025 | B88: 3331551613 | C88: ALIEF | D88: 24140552 | E88: PT. PARAMITRA GUNAKARYA CEMERLANG | F88: JABODETABEK NEXT DAY | G88: 23945.453 | H88: =IF(G88>29000,"TRAILER","TRONTON") -> TRONTON | I88: 1 | J88: 1 | K88: MASUK
A89: 14.09.2025 | B89: 3331551628 | C89: SILOG | D89: 24140555 | E89: PT. PARAMITRA GUNAKARYA CEMERLANG | F89: JABODETABEK NEXT DAY | G89: 23691.689 | H89: =IF(G89>29000,"TRAILER","TRONTON") -> TRONTON | I89: 1 | J89: 1 | K89: MASUK
A90: 14.09.2025 | B90: 3331551975 | C90: SILOG | D90: 24140568 | E90: CIPTA MULTI BUANA PERKASA, PT | F90: JABODETABEK | G90: 25554.38 | H90: =IF(G90>29000,"TRAILER","TRONTON") -> TRONTON | I90: 1 | J90: 1 | K90: MASUK
A91: 13.09.2025 | B91: 3331551582 | C91: TIARA FAJAR | D91: 24140542 | E91: PT. APP PURINUSA EKAPERSADA | F91: JABODETABEK | G91: 26550 | H91: =IF(G91>29000,"TRAILER","TRONTON") -> TRONTON | I91: 1 | J91: 1 | K91: MASUK
A92: 13.09.2025 | B92: 3331551978 | C92: SILOG | D92: 24140569 | E92: CIPTA MULTI BUANA PERKASA, PT | F92: JABODETABEK | G92: 25153.9 | H92: =IF(G92>29000,"TRAILER","TRONTON") -> TRONTON | I92: 1 | J92: 1 | K92: MASUK
A93: 13.09.2025 | B93: 3331551501 | C93: TIARA FAJAR | D93: 24140559 | E93: PT. CAKRAWALA CEMERLANG BOX | F93: JAWA TIMUR | G93: 37434 | H93: TRAILER | I93: 1 | J93: 1 | K93: MASUK
A94: 13.09.2025 | B94: 3331551647 | C94: SILOG | D94: 24140558 | E94: PT. CAKRAWALA CEMERLANG BOX | F94: JAWA TIMUR | G94: 34105 | H94: TRAILER | I94: 1 | J94: 1 | K94: MASUK
A95: 13.09.2025 | B95: 3331551613 | C95: YUSHAR | D95: 24140552 | E95: PT. PARAMITRA GUNAKARYA CEMERLANG | F95: JABODETABEK | G95: 23779 | H95: =IF(G95>29000,"TRAILER","TRONTON") -> TRONTON | I95: 1 | J95: 1 | K95: MASUK
B100: KETERANGAN :
B101: * KUNING SUDAH GATE IN | F101: TRUCK TYPE TODAY
B102: * BIRU BLM BOOKING | F102: TRAILER | G102: =SUMIF(H32:H1194, "TRAILER", I32:I1193) -> 14
F103: TRONTON | G103: =SUMIF(H32:H1195,"TRONTON",I32:I1194) -> 42
F104: TOTAL | G104: =SUM(G102:G103) -> 56
F105: CR OVER/AMBIL SENDIRI/NEXT DAY | G105: 11
F106: LUAR PULAU | G106: =I10 -> 4
F107: TOTAL SEMUA | G107: =G105+G106+G104 -> 71

Sheet 15.09.25
A1: ALL PLAN TODAY | B1: =TODAY() -> 45977 | D1: PLANNING | E1: JAM 7 PAGI - JAM 3 SORE | H1: PLANNING | I1: NEXT DAY | P1: SILOG | Q1: =COUNTIF($C$20:$C$980,"SILOG") -> 14 | R1: =IFERROR(VLOOKUP(J1,'IN OUT'!L:M,2,FALSE), "BELUM MASUK") -> BELUM MASUK
D2: PLAN AREA | E2: QTY TRUCK | F2: TONASE (MT) | H2: PLAN AREA | I2: QTY TRUCK | J2: TONASE (MT) | P2: SIBA | Q2: =COUNTIF($C$20:$C$980,"SIBA") -> 1
A3: ALL PLAN TODAY | B3: =SUM(I20:I1094)+I10 -> 34 | D3: JABODETABEK | E3: =COUNTIF(F20:F1000,"JABODETABEK") -> 12 | F3: =SUMIF(F20:F1000, "JABODETABEK", G20:G1000) -> 299665.24 | H3: JABODETABEK | I3: {=SUMPRODUCT(--(RIGHT(F20:F997,20)="JABODETABEK NEXT DAY"))} -> 6 | J3: =SUMIF(F20:F1000, "JABODETABEK NEXT DAY", G20:G1000) -> 153094.09 | P3: YUSHAR | Q3: =COUNTIF($C$20:$C$980,"YUSHAR") -> 2
A4: TRUCK AVAILABLE | B4: =SUM(J20:J1128) -> 28 | D4: JAWA TENGAH | E4: =COUNTIF(F20:F1001, "JAWA TENGAH") -> 0 | F4: =SUMIF(F20:F1001, "JAWA TENGAH", G20:G1001) -> 0 | H4: JAWA TENGAH | I4: {=SUMPRODUCT(--(RIGHT(F34:F998,20)="JAWA TENGAH NEXT DAY"))} -> 5 | J4: =SUMIF(F34:F1001, "JAWA TENGAH NEXT DAY", G34:G1001) -> 152164.04 | P4: BRJ | Q4: =COUNTIF($C$20:$C$980,"BRJ") -> 0
A5: SUDAH MASUK | B5: =COUNTIF(K20:K977,"MASUK") -> 28 | D5: JAWA TIMUR | E5: =COUNTIF(F20:F1002, "JAWA TIMUR") -> 1 | F5: =SUMIF(F20:F1002, "JAWA TIMUR", G20:G1002) -> 44089.52 | H5: JAWA TIMUR | I5: {=SUMPRODUCT(--(RIGHT(F34:F999,20)="JAWA TIMUR NEXT DAY"))} -> 6 | J5: =SUMIF(F34:F1002, "JAWA TIMUR NEXT DAY", G34:G1002) -> 221715.93 | P5: ALIEF | Q5: =COUNTIF($C$20:$C$980,"ALIEF") -> 0
A6: BELUM MASUK | B6: =COUNTIF(K20:K977,"BELUM MASUK") -> 0 | D6: TOTAL PLAN JAM 7-3 | E6: =SUM(E3:E5) -> 13 | F6: =SUM(F3:F5) -> 343754.76 | H6: TOTAL PLAN NEXT DAY | I6: =SUM(I3:I5) -> 17 | J6: =SUM(J3:J5) -> 526974.06 | P6: ELANG | Q6: =COUNTIF($C$20:$C$980,"ELANG") -> 1
A7: KURANG TRUCK | B7: =(B3-B4)-I10 -> 2 | C7: *PEP BAWEN TRONTON 2 TRAILER 2 | P7: CGL | Q7: =COUNTIF($C$20:$C$980,"CGL") -> 0
D8: PLANNING | E8: DIATAS JAM 3 SORE | H8: PLANNING | I8: INTER ISLAND | P8: *AKTUAL | Q8: =SUM(Q1:Q7) -> 18
A9: TRUCK TYPE | D9: PLAN AREA | E9: QTY TRUCK | F9: TONASE (MT) | H9: PLAN AREA | I9: QTY TRUCK | J9: TONASE (MT)
A10: TRAILER | B10: =SUMIF($H$20:$H$1000, "TRAILER", $I$20:$I$999) -> 9 | D10: JABODETABEK | E10: =COUNTIF(F45:F1007,"JABODETABEK") -> 0 | F10: =SUMIF(F114:F1007,"JABODETABEK", G34:G1007) -> 0 | H10: BATAM | I10: 4 | J10: =SUMIF(F20:F1002,"INTERISLAND ",G20:G1002) -> 0
A11: TRONTON | B11: =SUMIF($H$20:$H$1001, "TRONTON", $I$20:$I$1000) -> 21 | D11: JAWA TENGAH | E11: =COUNTIF(F45:F1008,"JAWA TENGAH") -> 0 | F11: =SUMIF(F34:F1008, "JAWA TENGAH", G34:G1008) -> 0
A12: HIGH CUBE 40 | B12: 0 | D12: JAWA TIMUR NEXTDAY | E12: =COUNTIF(F45:F1009, "JAWA TIMUR NEXT DAY") -> 6 | F12: =SUMIF(F34:F1009, "JAWA TIMUR NEXT DAY", G34:G1009) -> 221715.93 | S12: =29+29+4 -> 62
A13: CARRY OVER TONASE | B13: 0 | D13: TOTAL PLAN JAM 3 | E13: =SUM(E10:E12) -> 6 | F13: =SUM(F10:F12) -> 221715.93
A14: CARRY OVER TRUCK | B14: 0
A15: AMBIL SENDIRI KEMARIN | B15: 0 | D15: ALL PLAN | E15: =E6+I6+I10 -> 34
A16: NEXT DAY KEMARIN | B16: 0 | D16: TOTAL MT | E16: =F6+J6 -> 870728.81
A17: AMBIL SENDIRI+NEXTDAY TON
A19: Tanggal | B19: Delivery | C19: Vendor | D19: SN | E19: Name ship-to party | F19: AREA | G19: TOTAL WEIGHT | H19: TRUCK TYPE | I19: QTY KEBUTUHAN | J19: KETERSEDIAAN | K19: GATE IN
A20: 15.09.2025 | B20: 3331552223 | C20: SILOG | D20: 24140571 | E20: PT. KATI KARTIKA MURNI CIKARANG | F20: JABODETABEK | G20: 25721.801 | H20: =IF(G90>28000,"TRAILER","TRONTON") -> TRONTON | I20: 1 | J20: 1 | K20: MASUK
A21: 15.09.2025 | B21: 3331552226 | C21: SILOG | D21: 24140572 | E21: PT. KATI KARTIKA MURNI TANGERANG | F21: JABODETABEK | G21: 27180.108 | H21: =IF(G91>28000,"TRAILER","TRONTON") -> TRONTON | I21: 1 | J21: 1 | K21: MASUK
A22: 15.09.2025 | B22: 3331552227 | C22: SILOG | D22: 24140573 | E22: PT. KATI KARTIKA MURNI TANGERANG | F22: JABODETABEK | G22: 26794.056 | H22: =IF(G91>28000,"TRAILER","TRONTON") -> TRONTON | I22: 1 | J22: 1 | K22: MASUK
A23: 15.09.2025 | B23: 3331552233 | C23: SILOG | D23: 24140574 | E23: PT. APP PURINUSA EKAPERSADA SBG | F23: JABODETABEK | G23: 26492.004 | H23: =IF(G92>28000,"TRAILER","TRONTON") -> TRONTON | I23: 1 | J23: 1 | K23: MASUK
A24: 15.09.2025 NEXT DAY | B24: 3331551987 | C24: SILOG | D24: 24140575 | E24: PT. APP PURINUSA EKAPERSADA BDG | F24: JABODETABEK NEXT DAY | G24: =20213.558+7524.88 -> 27738.438 | H24: =IF(G93>28000,"TRAILER","TRONTON") -> TRONTON | I24: 1 | J24: 1 | K24: MASUK
A25: = | B25: 3331551996 | C25: = | D25: = | E25: = | F25: = | G25: = | H25: = | I25: = | J25: = | K25: =
A26: 15.09.2025 NEXT DAY | B26: 3331551959 | C26: SILOG | D26: 24140576 | E26: PT. APP PURINUSA EKAPERSADA BDG | F26: JABODETABEK NEXT DAY | G26: =1240.398+20471.094 -> 21711.492 | H26: =IF(G95>28000,"TRAILER","TRONTON") -> TRONTON | I26: 1 | J26: 1 | K26: MASUK
A27: = | B27: 3331552012 | C27: = | D27: = | E27: = | F27: = | G27: = | H27: = | I27: = | J27: = | K27: =
A28: 15.09.2025 NEXT DAY | B28: 3331552232 | C28: SILOG | D28: 24140577 | E28: PT. APP PURINUSA EKAPERSADA BDG | F28: JABODETABEK NEXT DAY | G28: =23002.19+2666.906 -> 25669.096 | H28: =IF(G97>28000,"TRAILER","TRONTON") -> TRONTON | I28: 1 | J28: 1 | K28: MASUK
A29: = | B29: 3331552234 | C29: = | D29: = | E29: = | F29: = | G29: = | H29: = | I29: = | J29: = | K29: =
A30: 15.09.2025 NEXT DAY | B30: 3331551945 | C30: SILOG | D30: 24140578 | E30: PT. APP PURINUSA EKAPERSADA BDG | F30: JABODETABEK NEXT DAY | G30: 23525.31 | H30: =IF(G99>28000,"TRAILER","TRONTON") -> TRONTON | I30: 1 | J30: 1 | K30: MASUK
A31: 15.09.2025 NEXT DAY | B31: 3331552244 | C31: SILOG | D31: 24140579 | E31: PT. APP PURINUSA EKAPERSADA BDG | F31: JABODETABEK NEXT DAY | G31: 28645.85 | H31: =IF(G100>28000,"TRAILER","TRONTON") -> TRONTON | I31: 1 | J31: 1 | K31: MASUK
A32: 15.09.2025 | B32: 3331552240 | C32: TFT | D32: 24140580 | E32: PT. PARAMITRA GUNAKARYA CEMERLANG BOGOR | F32: JABODETABEK | G32: 24854.774 | H32: =IF(G101>28000,"TRAILER","TRONTON") -> TRONTON | I32: 1 | J32: 1 | K32: MASUK
A33: 15.09.2025 | B33: 3331552242 | C33: TFT | D33: 24140581 | E33: PT. PARAMITRA GUNAKARYA CEMERLANG BOGOR | F33: JABODETABEK | G33: 24032.055 | H33: =IF(G102>28000,"TRAILER","TRONTON") -> TRONTON | I33: 1 | J33: 1 | K33: MASUK
A34: 15.09.2025 | B34: 3331552245 | C34: TFT | D34: 24140582 | E34: PT. PARAMITRA GUNAKARYA CEMERLANG BOGOR | F34: JABODETABEK | G34: =18189.441+5375.813 -> 23565.254 | H34: =IF(G103>28000,"TRAILER","TRONTON") -> TRONTON | I34: 1 | J34: 1 | K34: MASUK
A35: = | B35: 3331552249 | C35: = | D35: = | E35: = | F35: = | G35: = | H35: = | I35: = | J35: = | K35: =
A36: 15.09.2025 | B36: 3331552230 | C36: TFT | D36: 24140583 | E36: DAYACIPTA KEMASINDO, PT (GD) | F36: JABODETABEK | G36: =2056.23+18462.113 -> 20518.343 | H36: =IF(Table13[[#This Row],[TOTAL WEIGHT]]>28000,"TRAILER","TRONTON") -> TRONTON | I36: 1 | J36: 1 | K36: MASUK
A37: = | B37: 3331552239 | C37: = | D37: = | E37: = | F37: = | G37: = | H37: = | I37: = | J37: = | K37: =
A38: 15.09.2025 | B38: 3331552270 | C38: SILOG | D38: 24140584 | E38: PT. APP PURINUSA EKAPERSADA SBG | F38: JABODETABEK | G38: 24255.667 | H38: TRONTON | I38: 1 | J38: 1 | K38: MASUK
A39: 15.09.2025 | B39: 3331552299 | C39: YUSHAR | D39: 24140586 | E39: PT. APP PURINUSA EKAPERSADA SBG | F39: JABODETABEK | G39: 25803.9 | H39: =IF(Table13[[#This Row],[TOTAL WEIGHT]]>28000,"TRAILER","TRONTON") -> TRONTON | I39: 1 | J39: 1 | K39: MASUK
A40: 15.09.2025 | B40: 3331552315 | C40: YUSHAR | D40: 24140587 | E40: CIPTA MULTI BUANA PERKASA, PT | F40: JABODETABEK | G40: 25945.373 | H40: =IF(Table13[[#This Row],[TOTAL WEIGHT]]>28000,"TRAILER","TRONTON") -> TRONTON | I40: 1 | J40: 1 | K40: MASUK
A41: 15.09.2025 | B41: 3331552316 | C41: RPK | D41: 24140588 | E41: CIPTA MULTI BUANA PERKASA, PT | F41: JABODETABEK | G41: 24501.9 | H41: =IF(Table13[[#This Row],[TOTAL WEIGHT]]>28000,"TRAILER","TRONTON") -> TRONTON | I41: 1 | J41: 1 | K41: MASUK
A42: 16.09.2025 | B42: 3331552321 | C42: KIM | D42: 24140589 | E42: PT PABRIK KERTAS TJIWI KIMIA SBY | F42: JAWA TIMUR | G42: =4113.595+39975.925 -> 44089.52 | H42: =IF(Table13[[#This Row],[TOTAL WEIGHT]]>28000,"TRAILER","TRONTON") -> TRAILER | I42: 1 | J42: 1 | K42: MASUK
A43: 30.09.2025 | B43: 3331552371 | C43: KIM | D43: = | E43: = | F43: = | G43: = | H43: = | I43: = | J43: = | K43: =
A44: 16.09.2025 NEXT DAY | B44: 3331552337 | C44: SILOG | D44: 24140591 | E44: PT. APP PURINUSA EKAPERSADA | F44: JABODETABEK NEXT DAY | G44: 25803.9 | H44: =IF(Table13[[#This Row],[TOTAL WEIGHT]]>28000,"TRAILER","TRONTON") -> TRONTON | I44: 1 | J44: 1 | K44: MASUK
A45: 16.09.2025 | B45: 3331552364 | C45: KIM | D45: 24140592 | E45: PT PABRIK KERTAS TJIWI KIMIA | F45: JAWA TIMUR NEXT DAY | G45: 39100.803 | H45: =IF(Table13[[#This Row],[TOTAL WEIGHT]]>28000,"TRAILER","TRONTON") -> TRAILER | I45: 1 | J45: 1 | K45: MASUK
A46: 16.09.2025 | B46: 3331552368 | C46: ELANG | D46: 24140593 | E46: PT PABRIK KERTAS TJIWI KIMIA | F46: JAWA TIMUR NEXT DAY | G46: 39057.502 | H46: =IF(Table13[[#This Row],[TOTAL WEIGHT]]>28000,"TRAILER","TRONTON") -> TRAILER | I46: 1 | J46: 1 | K46: MASUK
A47: 16.09.2025 | B47: 3331552391 | C47: SILOG | D47: 24140594 | E47: PT. ANUGRAH ANEKABOX GRESIK | F47: JAWA TIMUR NEXT DAY | G47: 33580.484 | H47: =IF(Table13[[#This Row],[TOTAL WEIGHT]]>28000,"TRAILER","TRONTON") -> TRAILER | I47: 1 | J47: 1 | K47: MASUK
A48: 16.09.2025 | B48: 3331552383 | C48: KIM | D48: 24140595 | E48: PT PABRIK KERTAS TJIWI KIMIA | F48: JAWA TIMUR NEXT DAY | G48: 40313.231 | H48: =IF(Table13[[#This Row],[TOTAL WEIGHT]]>28000,"TRAILER","TRONTON") -> TRAILER | I48: 1 | J48: 1 | K48: MASUK
A49: 15.09.2025 | B49: 3331552402 | C49: SILOG | D49: 24140596 | E49: PT. CAKRAWALA CEMERLANG BOX | F49: JAWA TIMUR NEXT DAY | G49: 34485.888 | H49: =IF(Table13[[#This Row],[TOTAL WEIGHT]]>28000,"TRAILER","TRONTON") -> TRAILER | I49: 1 | J49: 1 | K49: MASUK
A50: 15.09.2025 | B50: 3331552408 | C50: KIM | D50: 24140597 | E50: PT. CAKRAWALA CEMERLANG BOX | F50: JAWA TIMUR NEXT DAY | G50: 35178.025 | H50: =IF(Table13[[#This Row],[TOTAL WEIGHT]]>28000,"TRAILER","TRONTON") -> TRAILER | I50: 1 | J50: 1 | K50: MASUK
A51: 16.09.2025 | B51: 3331552405 | C51: SIBA | D51: 24140598 | E51: PT. APP PURINUSA EKAPERSADA SMG | F51: JAWA TENGAH NEXT DAY | G51: 38748.857 | H51: =IF(Table13[[#This Row],[TOTAL WEIGHT]]>28000,"TRAILER","TRONTON") -> TRAILER | I51: 1 | J51: 0 | K51: BLM MASUK
A52: 16.09.2025 | B52: 3331552415 | C52: BLM BOOKING | D52: 24140599 | E52: PT. APP PURINUSA EKAPERSADA SMG | F52: JAWA TENGAH NEXT DAY | G52: 39092.909 | H52: =IF(Table13[[#This Row],[TOTAL WEIGHT]]>28000,"TRAILER","TRONTON") -> TRAILER | I52: 1 | J52: 0 | K52: BLM MASUK
A53: 15.09.2025 | B53: 3331552431 | C53: SILOG | D53: 24140600 | E53: PT. APP PURINUSA EKAPERSADA SMG | F53: JAWA TENGAH NEXT DAY | G53: 25806.918 | H53: =IF(Table13[[#This Row],[TOTAL WEIGHT]]>28000,"TRAILER","TRONTON") -> TRONTON | I53: 1 | J53: 1 | K53: MASUK
A54: 15.09.2025 | B54: 3331552441 | C54: BLM BOOKING | D54: 24140601 | E54: PT. APP PURINUSA EKAPERSADA SMG | F54: JAWA TENGAH NEXT DAY | G54: 24257.677 | H54: =IF(Table13[[#This Row],[TOTAL WEIGHT]]>28000,"TRAILER","TRONTON") -> TRONTON | I54: 1 | J54: 1 | K54: MASUK
A55: 15.09.2025 | B55: 3331552450 | C55: BLM BOOKING | D55: 24140602 | E55: PT. APP PURINUSA EKAPERSADA SMG | F55: JAWA TENGAH NEXT DAY | G55: 24257.677 | H55: =IF(Table13[[#This Row],[TOTAL WEIGHT]]>28000,"TRAILER","TRONTON") -> TRONTON | I55: 1 | J55: 1 | K55: MASUK
B61: KETERANGAN :
B62: * KUNING SUDAH GATE IN | F62: TRUCK TYPE TODAY
B63: * BIRU BLM BOOKING | F63: TRAILER | G63: =SUMIF(H20:H1155, "TRAILER", I20:I1154) -> 9
F64: TRONTON | G64: =SUMIF(H20:H1156,"TRONTON",I20:I1155) -> 21
F65: TOTAL | G65: =SUM(G63:G64) -> 30
F66: CR OVER/AMBIL SENDIRI/NEXT DAY | G66: 0
F67: LUAR PULAU | G67: =I10 -> 4
F68: TOTAL SEMUA | G68: =G66+G67+G65 -> 34

Sheet IN OUT
A1: Gudang | B1: Gudang FG BM3
A3: SJ | B3: Tanggal Timbang 1 | C3: Tanggal Timbang 2 | F3: DEL NUMBER | G3: DATE IN | H3: DATE OUT
A4: 3331550557 | B4: 45910.317 | C4: 45910.668 | F4: =A4 -> 3331550557 | G4: =B4 -> 45910.317 | H4: =C4 -> 45910.668
A5: 3331550708 | B5: 45910.458 | C5: (blank) | F5: =A5 -> 3331550708 | G5: =B5 -> 45910.458 | H5: =C5 -> (blank)
A6: 3331550709 | B6: 45910.468 | C6: (blank) | F6: =A6 -> 3331550709 | G6: =B6 -> 45910.468 | H6: =C6 -> (blank)
A7: 3331550712 | B7: 45910.491 | C7: (blank) | F7: =A7 -> 3331550712 | G7: =B7 -> 45910.491 | H7: =C7 -> (blank)
A8: 3331550726 | B8: 45910.494 | C8: (blank) | F8: =A8 -> 3331550726 | G8: =B8 -> 45910.494 | H8: =C8 -> (blank)
A9: 3331550710 | B9: 45910.498 | C9: (blank) | F9: =A9 -> 3331550710 | G9: =B9 -> 45910.498 | H9: =C9 -> (blank)
A10: 3331550703 | B10: 45910.499 | C10: (blank) | F10: 3331550011 | G10: =B10 -> 45910.499 | H10: =C10 -> (blank)
A11: 3331550704 | B11: 45910.501 | C11: (blank) | F11: 3331550021 | G11: =B12 -> 45910.576 | H11: =C12 -> (blank)
A12: 3331550733 | B12: 45910.576 | C12: (blank) | F12: =A10 -> 3331550703 | G12: =B10 -> 45910.499 | H12: =C13 -> (blank)
A13: 3331550722; 3331550725 | B13: 45910.578 | C13: (blank) | F13: =A11 -> 3331550704 | G13: =B11 -> 45910.501
A14: 3331550428 | B14: 45910.582 | C14: (blank) | F14: =A12 -> 3331550733 | G14: =B12 -> 45910.576
A15: 3331550772 | B15: 45910.644 | C15: (blank) | F15: =A13 -> 3331550722; 3331550725 | G15: =B13 -> 45910.578
A16: Grand Total | F16: =A14 -> 3331550428 | G16: =B14 -> 45910.582
F17: =A15 -> 3331550772 | G17: =B15 -> 45910.644

Sheet OVERNIGHT 
B2: Report Date | C2: DN | D2: Customer | E2: Area | F2: Transporter | G2: Nopol | H2: Arrived Date
B3: 45896 | C3: 3331546308 | D3: PT. KATI KARTIKA MURNI | E3: TANGERANG | F3: CGL | G3: B 9086 PYX | H3: 45895
B4: 45896 | C4: 3331546393 | D4: PT. PARAMITRA GUNAKARYA CEMERLANG | E4: SENTUL | F4: DUNEX | G4: B 9969 UEV | H4: 45895
B5: 45896 | C5: 3331546411 | D5: PT. PARAMITRA GUNAKARYA CEMERLANG | E5: SENTUL | F5: DUNEX | G5: B 9897 UXU | H5: 45895
B6: 45896 | C6: 3331546395 | D6: PT. PARAMITRA GUNAKARYA CEMERLANG | E6: SENTUL | F6: DUNEX | G6: B 9971 UEV | H6: 45895
B7: 45896 | C7: 3331546276 | D7: KIS TANGERANG | E7: SENTUL | F7: RPK | G7: T 8034 EL | H7: 45895
B8: 45896 | C8: 3331546383 | D8: PT. PARAMITRA GUNAKARYA CEMERLANG | E8: SENTUL | F8: RPK | G8: B 9089 SEU | H8: 45895
B9: 01.09.2025 | C9: 3331548307 | D9: PT. KATI KARTIKA MURNI CIKARANG | E9: 24140273 | F9: CGL

Sheet PROJECT
Q1: SILOG | R1: =COUNTIF($C$109:$C$1136,"SILOG") -> 19 | S1: =IFERROR(VLOOKUP(J1,'IN OUT'!L:M,2,FALSE), "BELUM MASUK") -> BELUM MASUK
A2: DATE | B2: =TODAY() -> 45977 | E2: TRUCK TYPE | H2: PLAN AREA | I2: QTY TRUCK | J2: TONASE (MT) | Q2: SIBA | R2: =COUNTIF($C$109:$C$1136,"SIBA") -> 5
A3: TRUCK PLAN | B3: =SUM(I174:I250) -> 25 | C3: *Next Day 3 DN 3 TRAILER | E3: TRAILER | F3: =SUMIF(H174:H1156, "TRAILER", I174:I1155) -> 4 | H3: JABODETABEK | I3: =COUNTIF(F174:F1156, "JABODETABEK") -> 21 | J3: =SUMIF(F174:F1156, "JABODETABEK", G174:G1156) -> 504047.4 | Q3: YUSHAR | R3: =COUNTIF($C$109:$C$1136,"YUSHAR") -> 11
A4: TRUCK AVAILABLE | B4: =SUM(J174:J284) -> 21 | E4: TRONTON | F4: =SUMIF(H174:H1157, "TRONTON", I174:I1156) -> 21 | H4: JAWA TENGAH | I4: =COUNTIF($F$174:F1157, "JAWA TENGAH") -> 3 | J4: =SUMIF(F174:F1157, "JAWA TENGAH", G174:G1157) -> 99624.181 | Q4: BRJ | R4: =COUNTIF($C$109:$C$1136,"BRJ") -> 6
A5: SUDAH MASUK | B5: =COUNTIF(K174:K1133,"MASUK") -> 10 | H5: JAWA TIMUR | I5: =COUNTIF($F$174:F1158, "JAWA TIMUR") -> 1 | J5: =SUMIF(F174:F1158, "JAWA TIMUR", G174:G1158) -> 46674.21 | Q5: ALIEF | R5: =COUNTIF($C$109:$C$1136,"ALIEF") -> 21
A6: BELUM MASUK | B6: =COUNTIF(K174:K1133,"BELUM MASUK") -> 16 | H6: TOTAL PLAN | I6: =SUM(I3:I5) -> 25 | J6: =SUM(J3:J5) -> 650345.79 | K6: *NEXT DAY 3 Dn (3 TRAILER ) | Q6: ELANG | R6: =COUNTIF($C$109:$C$1136,"ELANG") -> 2
A7: KURANG TRUCK | B7: =B3-B4 -> 4 | C7: *TRONTON | K7: =SUM($G$174:$G$176) -> 112376.07 | Q7: CGL | R7: =COUNTIF($C$109:$C$1136,"CGL") -> 1
Q8: *AKTUAL | R8: =SUM(R1:R7) -> 65
A10: Tanggal | B10: Delivery | C10: Vendor | D10: SN | E10: Name ship-to party | F10: AREA | G10: TOTAL WEIGHT | H10: TRUCK TYPE | I10: QTY KEBUTUHAN | J10: KETERSEDIAAN | K10: GATE IN | L10: Date
A11: 01.09.2025 | B11: 3331548306 | C11: ETI | D11: 24140272 | E11: PT. KATI KARTIKA MURNI CIKARANG | F11: JABODETABEK | G11: 25 | H11: TRONTON | I11: 1 | J11: 1
A12: 01.09.2025 | B12: 3331548307 | C12: CGL | D12: 24140273 | E12: PT. KATI KARTIKA MURNI CIKARANG | F12: JABODETABEK | G12: 25 | H12: TRONTON | I12: 1 | J12: 1
A13: 01.09.2025 | B13: 3331547906 | C13: ALIEF | D13: 24140274 | E13: PT. DAYACIPTA KEMASINDO (GD) KARAWANG | F13: JABODETABEK | G13: 25 | H13: TRONTON | I13: 1 | J13: 1
A14: 01.09.2025 | B14: 3331548297 | C14: ALIEF | D14: 24140275 | E14: PT. DAYACIPTA KEMASINDO (GD) KARAWANG | F14: JABODETABEK | G14: 25 | H14: TRONTON | I14: 1 | J14: 1
A15: 02.09.2025 | B15: 3331548390 | C15: ALIEF | D15: 24140284 | E15: PT. DAYACIPTA KEMASINDO (GD) | F15: JABODETABEK | G15: 25 | H15: TRONTON | I15: 1 | J15: 1
A16: 02.09.2025 | B16: 3331548324 | C16: ETI | D16: 24140281 | E16: PT. APP PURINUSA EKAPERSADA SUBANG | F16: JABODETABEK | G16: 25 | H16: TRONTON | I16: 1 | J16: 1
A17: 01.09.2025 | B17: 3331548346 | E17: PT. APP PURINUSA EKAPERSADA | F17: JABODETABEK | G17: 25 | H17: TRONTON | I17: 1 | J17: 1
A18: 01.09.2025 | B18: 3331548331 | C18: CGL | D18: 24140277 | E18: PT. APP PURINUSA EKAPERSADA SUBANG | F18: JABODETABEK | G18: 25 | H18: TRONTON | I18: 1 | J18: 1
A19: 01.09.2025 | B19: 3331548348 | C19: ALIEF | D19: 24140279 | E19: PT. APP PURINUSA EKAPERSADA BANDUNG | F19: JABODETABEK | G19: 25 | H19: TRONTON | I19: 1 | J19: 1
A20: 01.09.2025 | B20: 3331548351 | C20: SILOG | D20: 24140280 | E20: DAYACIPTA KEMASINDO, PT (GD) Cibitung | F20: JABODETABEK | G20: 25 | H20: TRONTON | I20: 1 | J20: 1
A21: 02.09.2025 | B21: 3331548298 | C21: SILOG | D21: 24140282 | E21: PT DAYACIPTA KEMASINDO TANGERANG | F21: JABODETABEK | G21: 25 | H21: TRONTON | I21: 1 | J21: 1
A22: 01.09.2025 | B22: 3331547489 | C22: ALIEF | D22: 24140283 | E22: MULTI ARTHA ABADI, PT | F22: JABODETABEK | G22: 25 | H22: TRONTON | I22: 1 | J22: 1
A23: 01.09.2025 | B23: 3331548380 | E23: MULTI ARTHA ABADI, PT | F23: JABODETABEK | G23: 25 | H23: TRONTON | I23: 1 | J23: 1
A24: 02.09.2025 | B24: 3331548645 | C24: ALIEF | D24: 24140302 | E24: PT.SANTOSO JAWI (GD) SIDOARJO | F24: JAWA TIMUR | G24: 26525 | H24: TRONTON | I24: 1 | J24: 1
A25: 02.09.2025 | B25: 3331548670 | C25: ALIEF | D25: 24140304 | E25: PT. APP PURINUSA EKAPERSADA BANDUNG | F25: JABODETABEK | G25: 13000 | H25: TRONTON | I25: 1 | J25: 1
A26: 02.09.2025 | B26: 3331548667 | C26: ALIEF | E26: PT. APP PURINUSA EKAPERSADA | F26: JABODETABEK | G26: 11348 | H26: TRONTON | I26: 1 | J26: 1
A27: 02.09.2025 | B27: 3331548673 | C27: ALIEF | D27: 24140290 | E27: PT. KATI KARTIKA MURNI CIKARANG | F27: JABODETABEK | G27: 24763 | H27: TRONTON | I27: 1 | J27: 1
A28: 02.09.2025 | B28: 3331548675 | C28: ALIEF | D28: 24140291 | E28: PT. APP PURINUSA EKAPERSADA | F28: JABODETABEK | G28: 22060 | H28: TRONTON | I28: 1 | J28: 1
A29: 01.09.2025 | B29: 3331548333 | C29: ALIEF | D29: 24140295 | E29: PT. APP PURINUSA EKAPERSADA | F29: JABODETABEK | G29: 22060 | H29: TRONTON | I29: 1 | J29: 1
A30: 02.09.2025 | B30: 3331548732 | C30: BRJ | D30: 24140296 | E30: PT. APP PURINUSA EKAPERSADA DEMAK | F30: JAWA TENGAH | G30: 33872 | H30: TRAILER | I30: 1 | J30: 1
A31: 02.09.2025 | B31: 3331548736 | C31: BRJ | D31: 24140297 | E31: PT. APP PURINUSA EKAPERSADA DEMAK | F31: JAWA TENGAH | G31: 44529 | H31: TRAILER | I31: 1 | J31: 1
A32: 02.09.2025 | B32: 3331548741 | C32: BRJ | D32: 24140298 | E32: PT. APP PURINUSA EKAPERSADA DEMAK | F32: JAWA TENGAH | G32: 45726 | H32: TRAILER | I32: 1 | J32: 1
A33: 02.09.2025 | B33: 3331548746 | C33: BRJ | D33: 24140299 | E33: PT. APP PURINUSA EKAPERSADA SEMARANG | F33: JAWA TENGAH | G33: 37035 | H33: TRAILER | I33: 1 | J33: 1
A34: 02.09.2025 | B34: 3331548749 | C34: BRJ | D34: 24140300 | E34: PT. APP PURINUSA EKAPERSADA SEMARANG | F34: JAWA TENGAH | G34: 33812 | H34: TRAILER | I34: 1 | J34: 1
A35: 02.09.2025 | B35: 3331548756 | C35: SIBA | D35: 24140301 | E35: PT. APP PURINUSA EKAPERSADA SEMARANG | F35: JAWA TENGAH | G35: 34290 | H35: TRAILER | I35: 1 | J35: 1
A36: 02.09.2025 | B36: 3331548760 | C36: ALIEF | D36: 24140303 | E36: PT. KEMASAN INDAH SEJAHTERA | F36: JABODETABEK | G36: 13963 | H36: TRONTON | I36: 1 | J36: 1
A37: 02.09.2025 | B37: 3331548761 | E37: PT. KEMASAN INDAH SEJAHTERA | F37: JABODETABEK | G37: 10480 | H37: TRONTON | I37: 1 | J37: 1
A38: 02.09.2025 | B38: 3331548736 | C38: BRJ | D38: 24140297 | E38: PT. APP PURINUSA EKAPERSADA DEMAK | F38: JAWA TENGAH | G38: 44529 | H38: TRAILER | I38: 1 | J38: 1 | K38: 0.17986111 | L38: 0.44444444
A39: 02.09.2025 | B39: 3331548749 | C39: ETI | D39: 24140300 | E39: PT. APP PURINUSA EKAPERSADA BAWEN | F39: JAWA TENGAH | G39: 35775.372 | H39: TRAILER | I39: 1 | J39: 1 | K39: =IFERROR(VLOOKUP(B39,'IN OUT'!F:G,2,FALSE), "BELUM MASUK") -> BELUM MASUK | L39: 0.090277778
A40: 02.09.2025 | B40: 3331548756 | C40: SIBA SURYA | D40: 24140301 | E40: PT. APP PURINUSA EKAPERSADA | F40: JAWA TENGAH | G40: 34495.741 | H40: TRAILER | I40: 1 | J40: 1 | K40: =IFERROR(VLOOKUP(B40,'IN OUT'!F:G,2,FALSE), "BELUM MASUK") -> BELUM MASUK | L40: -
A41: 03.09.2025 | B41: 3331548394 | C41: ALIEF | D41: 24140305 | E41: PT. HEXA PRIMA PERSADA TGR | F41: JABODETABEK | G41: 26626.47 | H41: TRONTON | I41: 1 | J41: 1 | K41: =IFERROR(VLOOKUP(B41,'IN OUT'!F:G,2,FALSE), "BELUM MASUK") -> BELUM MASUK | L41: 0.84027778
A42: 03.09.2025 | B42: 3331548958 | C42: BRJ | D42: 24140306 | E42: PT. APP PURINUSA EKAPERSADA DEMAK | F42: JAWA TENGAH | G42: 42969.278 | H42: TRAILER | I42: 1 | J42: 1 | K42: =IFERROR(VLOOKUP(B42,'IN OUT'!F:G,2,FALSE), "BELUM MASUK") -> BELUM MASUK | L42: -
A43: 03.09.2025 | B43: 3331548967 | C43: SIBA SURYA | D43: 24140307 | E43: PT. APP PURINUSA EKAPERSADA DEMAK | F43: JAWA TENGAH | G43: 43071.89 | H43: TRAILER | I43: 1 | J43: 1 | K43: 0.71081019 | L43: 0.0625
A44: 03.09.2025 | B44: 3331548968 | C44: YUSHAR | D44: 24140309 | E44: PT. APP PURINUSA EKAPERSADA BAWEN | F44: JAWA TENGAH | G44: 32961.59 | H44: TRAILER | I44: 1 | J44: 1 | K44: =IFERROR(VLOOKUP(B44,'IN OUT'!F:G,2,FALSE), "BELUM MASUK") -> BELUM MASUK | L44: -
A45: 03.09.2025 | B45: 3331548969 | C45: BRJ | D45: 24140310 | E45: PT. APP PURINUSA EKAPERSADA BAWEN | F45: JAWA TENGAH | G45: 34967.554 | H45: TRAILER | I45: 1 | J45: 0 | K45: =IFERROR(VLOOKUP(B45,'IN OUT'!F:G,2,FALSE), "BELUM MASUK") -> BELUM MASUK | L45: -
A46: 03.09.2025 | B46: 3331547878 | C46: BRJ | D46: 24140311 | E46: JAWASURYA KENCANAINDAH, PT SEMARANG | F46: JAWA TENGAH | G46: 42299.445 | H46: TRAILER | I46: 1 | J46: 0 | K46: =IFERROR(VLOOKUP(B46,'IN OUT'!F:G,2,FALSE), "BELUM MASUK") -> BELUM MASUK | L46: -
A47: 03.09.2025 | B47: 3331549001 | C47: BRJ | D47: 24140312 | E47: PT. CAKRAWALA CEMERLANG BOX MOJOKERTO | F47: JAWA TIMUR | G47: 40818.075 | H47: TRAILER | I47: 1 | J47: 0 | K47: 0.20208333 | L47: -
A48: 03.09.2025 | B48: 3331549014 | C48: SILOG | D48: 24140313 | E48: PT. GLOBAL PAPYRUS SEMESTA | F48: JABODETABEK | G48: 22104.975 | H48: TRONTON | I48: 1 | J48: 1 | K48: 0.69403935 | L48: -
A49: 03.09.2025 | B49: 3331549063 | G49: 2026.08 | H49: TRONTON | L49: -
A50: 03.09.2025 | B50: 3331549019 | C50: SILOG | D50: 24140314 | E50: PT. APP PURINUSA EKAPERSADA SBG | F50: JABODETABEK | G50: 20301.08 | H50: TRONTON | I50: 1 | J50: 1 | K50: 0.8262037 | L50: -
A51: 03.09.2025 | B51: 3331549073 | C51: ALIEF | D51: 24140315 | E51: PT. APP PURINUSA EKAPERSADA BDG | F51: JABODETABEK | G51: 26098.658 | H51: TRONTON | I51: 1 | J51: 1 | K51: 0.75359954 | L51: -
A52: 03.09.2025 | B52: 3331549101 | C52: SIBA SURYA | D52: 24140316 | E52: PT. CAKRAWALA CEMERLANG BOX | F52: JAWA TIMUR | G52: 46276.201 | H52: TRAILER | I52: 1 | J52: 1 | K52: 0.95194444 | L52: -
A53: 03.09.2025 | B53: 3331549149 | C53: TRANSINDO | D53: 24140318 | E53: MULTI ARTHA ABADI, PT | F53: JABODETABEK | G53: 25114.95 | H53: TRONTON | I53: 1 | J53: 1 | K53: 0.7628588 | L53: BATAL MUAT
A54: 03.09.2025 | B54: 3331549158 | C54: SILOG | D54: 24140319 | E54: MULTI ARTHA ABADI, PT | F54: JABODETABEK | G54: 22543.454 | H54: TRONTON | I54: 1 | J54: 1 | K54: 0.9328588 | L54: -
A55: 03.09.2025 | B55: 3331549164 | C55: SILOG | D55: 24140321 | E55: MULTI ARTHA ABADI, PT | F55: JABODETABEK | G55: 27921.53 | H55: TRONTON | I55: 1 | J55: 1 | K55: 0.86071759 | L55: -
A56: 03.09.2025 | B56: 3331549168 | C56: ALIEF | D56: 24140323 | E56: PT. TRISTAR MAKMUR KARTONINDO, GD | F56: JABODETABEK | G56: 30009.3 | H56: TRONTON | I56: 1 | J56: 1 | K56: 0.78456019 | L56: 0.083333333
A57: 03.09.2025 | B57: 3331549173 | C57: ALIEF | D57: 24140324 | E57: PT. TRISTAR MAKMUR KARTONINDO, GD | F57: JABODETABEK | G57: 25702.875 | H57: TRONTON | I57: 1 | J57: 1 | K57: 0.81268519 | L57: -
A58: 03.09.2025 carry over | B58: 3331548968 | C58: YUSHAR | D58: 24140309 | E58: PT. APP PURINUSA EKAPERSADA BAWEN | F58: JAWA TENGAH | G58: 32961.59 | H58: TRAILER | I58: 1 | J58: 1 | K58: =IFERROR(VLOOKUP(B58,'IN OUT'!F:G,2,FALSE), "BELUM MASUK") -> BELUM MASUK | L58: -
A59: 03.09.2025 carry over | B59: 3331548969 | C59: BRJ | D59: 24140310 | E59: PT. APP PURINUSA EKAPERSADA BAWEN | F59: JAWA TENGAH | G59: 34967.554 | H59: TRAILER | I59: 1 | J59: 0 | K59: =IFERROR(VLOOKUP(B59,'IN OUT'!F:G,2,FALSE), "BELUM MASUK") -> BELUM MASUK | L59: -
A60: 03.09.2025 carry over | B60: 3331547878 | C60: BRJ | D60: 24140311 | E60: JAWASURYA KENCANAINDAH, PT | F60: JAWA TENGAH | G60: 42299.445 | H60: TRAILER | I60: 1 | J60: 0 | K60: =IFERROR(VLOOKUP(B60,'IN OUT'!F:G,2,FALSE), "BELUM MASUK") -> BELUM MASUK | L60: -
A61: 03.09.2025 carry over | B61: 3331549001 | C61: BRJ | D61: 24140312 | E61: PT. CAKRAWALA CEMERLANG BOX | F61: JAWA TIMUR | G61: 40818.075 | H61: TRAILER | I61: 1 | J61: 0 | K61: 0.20208333 | L61: -
A62: 03.09.2025 Carry Over lom GI | B62: 3331548968 | C62: YUSHAR | D62: 24140309 | E62: PT. APP PURINUSA EKAPERSADA BAWEN | F62: JAWA TENGAH | G62: 32961.59 | H62: TRAILER | I62: 1 | J62: 1 | K62: =IFERROR(VLOOKUP(B62,'IN OUT'!F:G,2,FALSE), "BELUM MASUK") -> BELUM MASUK | L62: =IFERROR(VLOOKUP(B62,'IN OUT'!F:H,3,FALSE), "BELUM KELUAR") -> BELUM KELUAR
A63: 03.09.2025 Carry Over lom GI | B63: 3331548969 | C63: BRJ | D63: 24140310 | E63: PT. APP PURINUSA EKAPERSADA BAWEN | F63: JAWA TENGAH | G63: 34967.554 | H63: TRAILER | I63: 1 | J63: 1 | K63: =IFERROR(VLOOKUP(B63,'IN OUT'!F:G,2,FALSE), "BELUM MASUK") -> BELUM MASUK
A64: 03.09.2025 Carry Over lom GI | B64: 3331547878 | C64: BRJ | D64: 24140311 | E64: JAWASURYA KENCANAINDAH, PT SMG | F64: JAWA TENGAH | G64: 42299.445 | H64: TRAILER | I64: 1 | J64: 1 | K64: =IFERROR(VLOOKUP(B64,'IN OUT'!F:G,2,FALSE), "BELUM MASUK") -> BELUM MASUK | L64: 0.68541667
A65: 03.09.2025 Carry Over lom GI | B65: 3331549001 | C65: BRJ | D65: 24140312 | E65: PT. CAKRAWALA CEMERLANG BOX MOJO | F65: JAWA TIMUR | G65: 40818.075 | H65: TRAILER | I65: 1 | J65: 1 | K65: =IFERROR(VLOOKUP(B65,'IN OUT'!F:G,2,FALSE), "BELUM MASUK") -> BELUM MASUK
A66: 04.09.2025 | B66: 3331549196 | C66: SILOG | D66: 24140326 | E66: PT. KATI KARTIKA MURNI CIKARANG | F66: JABODETABEK | G66: 25376.35 | H66: TRONTON | I66: 1 | J66: 1 | K66: =IFERROR(VLOOKUP(B66,'IN OUT'!F:G,2,FALSE), "BELUM MASUK") -> BELUM MASUK
A67: 04.09.2025 | B67: 3331548636 | C67: SILOG | D67: 24140327 | E67: JAWASURYA KENCANAINDAH, PT SMG | F67: JAWA TENGAH | G67: 42872.295 | H67: TRAILER | I67: 1 | J67: 1 | K67: MASUK
A68: 04.09.2025 | B68: 3331549287 | C68: SIBA | D68: 24140328 | E68: PT. CAKRAWALA CEMERLANG BOX MOJO | F68: JAWA TIMUR | G68: 47802.825 | H68: TRAILER | I68: 1 | J68: 1 | K68: =IFERROR(VLOOKUP(B68,'IN OUT'!F:G,2,FALSE), "BELUM MASUK") -> BELUM MASUK
A69: 04.09.2025 | B69: 3331549288 | C69: SILOG | D69: 24140329 | E69: CIPTA MULTI BUANA PERKASA, PT JKBR | F69: JABODETABEK | G69: 24670.74 | H69: TRONTON | I69: 1 | J69: 1 | K69: =IFERROR(VLOOKUP(B69,'IN OUT'!F:G,2,FALSE), "BELUM MASUK") -> BELUM MASUK | L69: 0.65427083
A70: 04.09.2025 | B70: 3331549290 | C70: SILOG | D70: 24140330 | E70: CIPTA MULTI BUANA PERKASA, PT JKBR | F70: JABODETABEK | G70: 25234.545 | H70: TRONTON | I70: 1 | J70: 1 | K70: =IFERROR(VLOOKUP(B70,'IN OUT'!F:G,2,FALSE), "BELUM MASUK") -> BELUM MASUK | L70: 0.725
A71: 04.09.2025 | B71: 3331549303 | C71: SILOG | D71: 24140335 | E71: PT. APP PURINUSA EKAPERSADA BAWEN | F71: JAWA TENGAH | G71: 31377.14 | H71: TRAILER | I71: 1 | J71: 1 | K71: 0.71967593
A72: 04.09.2025 | B72: 3331549302 | C72: ELANG | D72: 24140334 | E72: PT. APP PURINUSA EKAPERSADA BAWEN | F72: JAWA TENGAH | G72: 33582.292 | H72: TRAILER | I72: 1 | J72: 1 | K72: =IFERROR(VLOOKUP(B72,'IN OUT'!F:G,2,FALSE), "BELUM MASUK") -> BELUM MASUK
A73: 04.09.2025 | B73: 3331549306 | C73: BRJ | D73: 24140338 | E73: PT. APP PURINUSA EKAPERSADA DEMAK | F73: JAWA TENGAH | G73: 32448.53 | H73: TRAILER | I73: 1 | J73: 1 | K73: =IFERROR(VLOOKUP(B73,'IN OUT'!F:G,2,FALSE), "BELUM MASUK") -> BELUM MASUK
A74: 04.09.2025 | B74: 3331549308 | C74: BRJ | D74: 24140336 | E74: PT. APP PURINUSA EKAPERSADA DEMAK | F74: JAWA TENGAH | G74: 30972.728 | H74: TRAILER | I74: 1 | J74: 0 | K74: MASUK
A75: 04.09.2025 | B75: 3331549310 | C75: BRJ | D75: 24140337 | E75: PT. APP PURINUSA EKAPERSADA DEMAK | F75: JAWA TENGAH | G75: 31570.292 | H75: TRAILER | I75: 1 | J75: 0 | K75: MASUK
A76: 04.09.2025 | B76: 3331549284 | C76: SILOG | D76: 24140339 | E76: PT. TRISTAR MAKMUR KARTONINDO, GD CKR | F76: JABODETABEK | G76: 4889.325 | H76: TRONTON | I76: 1 | J76: 1 | K76: 45904.467
A77: 04.09.2025 | B77: 3331549286 | E77: PT. TRISTAR MAKMUR KARTONINDO, GD CKR | G77: 20213.565
A78: 04.09.2025 | B78: 3331549314 | C78: ALIEF | D78: 24140340 | E78: PT. TRISTAR MAKMUR KARTONINDO, GD CKR | F78: JABODETABEK | G78: 24895.86 | H78: TRONTON | I78: 1 | J78: 1 | K78: =IFERROR(VLOOKUP(B78,'IN OUT'!F:G,2,FALSE), "BELUM MASUK") -> BELUM MASUK
A79: 04.09.2025 | B79: 3331549316 | C79: ALIEF | D79: 24140341 | E79: PT. TRISTAR MAKMUR KARTONINDO, GD CKR | F79: JABODETABEK | G79: 24557.175 | H79: TRONTON | I79: 1 | J79: 1 | K79: MASUK
A80: 04.09.2025 | B80: 3331549319 | C80: ALIEF | D80: 24140342 | E80: PT. TRISTAR MAKMUR KARTONINDO, GD CKR | F80: JABODETABEK | G80: 24780.285 | H80: TRONTON | I80: 1 | J80: 1 | K80: =IFERROR(VLOOKUP(B80,'IN OUT'!F:G,2,FALSE), "BELUM MASUK") -> BELUM MASUK
A81: 04.09.2025 | B81: 3331549321 | C81: ELANG | D81: 24140343 | E81: MULTI ARTHA ABADI, PT TGR | F81: JABODETABEK | G81: 24602.4 | H81: TRONTON | I81: 1 | J81: 1 | K81: 0.69604167
A82: 04.09.2025 | B82: 3331549324 | C82: ELANG | D82: 24140344 | E82: MULTI ARTHA ABADI, PT TGR | F82: JABODETABEK | G82: 25388.31 | H82: TRONTON | I82: 1 | J82: 1 | K82: =IFERROR(VLOOKUP(B82,'IN OUT'!F:G,2,FALSE), "BELUM MASUK") -> BELUM MASUK
A83: 04.09.2025 | B83: 3331549327 | C83: ALIEF | D83: 24140346 | E83: PT. GLOBAL PAPYRUS SEMESTA BANDUNG | F83: JABODETABEK | G83: 26166.06 | H83: TRONTON | I83: 1 | J83: 1 | K83: =IFERROR(VLOOKUP(B83,'IN OUT'!F:G,2,FALSE), "BELUM MASUK") -> BELUM MASUK
A84: 04.09.2025 | B84: 3331549363 | C84: SIBA | D84: 24140350 | E84: PT. ANUGRAH ANEKABOX GRESIK | F84: JAWA TIMUR | G84: 44167.74 | H84: TRAILER | I84: 1 | J84: 1 | K84: MASUK
A85: 04.09.2025 | B85: 3331549372 | C85: CGL | D85: 24140347 | E85: PT. KATI KARTIKA MURNI | F85: JABODETABEK | G85: 19610.964 | H85: TRONTON | I85: 1 | J85: 1 | K85: MASUK
A86: 04.09.2025 | B86: 3331548970 | E86: PT. KATI KARTIKA MURNI | G86: 6192.936 | K86: MASUK
A87: 04.09.2025 | B87: 3331549376 | C87: ALIEF | D87: 24140348 | E87: CIPTA MULTI BUANA PERKASA, PT JKBR | F87: JABODETABEK | G87: 24456.676 | H87: TRONTON | I87: 1 | J87: 1 | K87: 0.69027778
A88: 04.09.2025 | B88: 3331549384 | C88: SILOG | D88: 24140349 | E88: CIPTA MULTI BUANA PERKASA, PT JKBR | F88: JABODETABEK | G88: 24456.676 | H88: TRONTON | I88: 1 | J88: 1 | K88: MASUK
A89: 04.09.2025 | B89: 3331549385 | C89: ALIEF | D89: 24140351 | E89: CIPTA MULTI BUANA PERKASA, PT JKBR | F89: JABODETABEK | G89: 24783.301 | H89: TRONTON | I89: 1 | J89: 1 | K89: MASUK
A90: 04.09.2025 | B90: 3331549326 | C90: ALIEF | D90: 24140354 | E90: MULTI ARTHA ABADI, PT TGR | F90: JABODETABEK | G90: 25056.442 | H90: TRONTON | I90: 1 | J90: 1 | K90: 0.73116898
A91: 04.09.2025 | B91: 3331549396 | C91: BRJ | D91: 24140352 | E91: PT. APP PURINUSA EKAPERSADA DEMAK | F91: JAWA TENGAH | G91: 32096.429 | H91: TRAILER | I91: 1 | J91: 0 | K91: MASUK
A92: 04.09.2025 | B92: 3331549402 | C92: BRJ | D92: 24140353 | E92: PT. APP PURINUSA EKAPERSADA DEMAK | F92: JAWA TENGAH | G92: 30923.434 | H92: TRAILER | I92: 1 | J92: 0 | K92: MASUK
A93: 04.09.2025 | B93: 3331549410 | C93: SILOG | D93: 24140355 | E93: PT. APP PURINUSA EKAPERSADA DEMAK | F93: JAWA TENGAH | G93: 35458.482 | H93: TRAILER | I93: 1 | J93: 0 | K93: MASUK
A94: 04.09.2025 | B94: 3331549412 | C94: BRJ | D94: 24140356 | E94: PT. APP PURINUSA EKAPERSADA BAWEN | F94: JAWA TENGAH | G94: 29603.562 | H94: TRAILER | I94: 1 | J94: 0 | K94: MASUK
A95: 04.09.2025 | B95: 3331549414 | C95: ALIEF | D95: 24140357 | E95: PT. APP PURINUSA EKAPERSADA BANDUNG | F95: JABODETABEK | G95: 24978.98 | H95: TRONTON | I95: 1 | J95: 1 | K95: MASUK
A96: 04.09.2025 | B96: 3331549424 | C96: YUSHAR | D96: 24140358 | E96: PT. APP PURINUSA EKAPERSADA BAWEN | F96: JAWA TENGAH | G96: 34762.33 | H96: TRAILER | I96: 1 | J96: 0 | K96: MASUK
A97: 04.09.2025 | B97: 3331549426 | C97: YUSHAR | D97: 24140359 | E97: PT. APP PURINUSA EKAPERSADA BAWEN | F97: JAWA TENGAH | G97: 37289.905 | H97: TRAILER | I97: 1 | J97: 0 | K97: MASUK
A98: 04.09.2025 | B98: 3331549281 | C98: ALIEF | D98: 24140360 | E98: PT. APP PURINUSA EKAPERSADA SBG | F98: JABODETABEK | G98: 12645.42 | H98: TRONTON | I98: 1 | J98: 1 | K98: MASUK
A99: 04.09.2025 | B99: 3331549422 | E99: PT. APP PURINUSA EKAPERSADA SBG | G99: 7319.656
A100: 04.09.2025 | B100: 3331549444 | C100: ALIEF | D100: 24140361 | E100: PT. KEMASAN INDAH SEJAHTERA TGR | F100: JABODETABEK | G100: 27136.85 | H100: TRONTON | I100: 1 | J100: 1 | K100: MASUK
A101: 04.09.2025 | B101: 3331549452 | C101: SILOG | D101: 24140362 | E101: PT. KEMASAN INDAH SEJAHTERA TGR | F101: JABODETABEK | G101: 26148.958 | H101: TRONTON | I101: 1 | J101: 1 | K101: MASUK
...

Sheet 20.10.25
A1: Plan tgl 20 OKT'25 jam 15.00 | F1: CARGO ADD | J1: CARGO NEXT DAY | N1: Summary (Plan+ Add + Next Day) | R1: Tanggal | S1: Delivery | T1: Vendor | U1: SN | V1: Name ship-to party | W1: AREA | X1: TOTAL WEIGHT | Y1: TRUCK TYPE | Z1: KEBUTUHAN | AA1: KETERSEDIAAN | AB1: GATE IN | AC1: Add | AD1: REMARK
A2: Realz update 21 OKT’25 jam 07.00 | F2: Tgl 20 OKT’25 diatas jam 15.00 | J2: Tgl 20 OKT’25 | R2: 17.10.2025 | S2: 3331562175 | T2: SILOG | U2: 24141788 | V2: PT PABRIK KERTAS TJIWI KIMIA SIDOARJO | W2: JAWA TIMUR | X2: 20751.508 | Y2: TRONTON | Z2: 1 | AA2: 1 | AB2: MASUK
A3: PRODUK | B3: JML TRUCK | F3: JMLTRUCK | J3: JMLTRUCK | N3: JML TRUCK | R3: 20.10.2025 | S3: 3331563029 | T3: = | U3: = | V3: = | W3: = | X3: = | Y3: = | Z3: = | AA3: = | AB3: =
B4: PLAN | C4: REALZ | D4: GAP | F4: ADD | G4: REALZ | H4: GAP | J4: NEXT DAY | K4: REALZ | L4: GAP | N4: PLAN + ADD + NEXT DAY | O4: REALZ | P4: GAP | R4: 20.10.2025 | S4: 3331562080 | T4: DAYA EKA | U4: 24141665 | V4: KREASI KOTAKMEGAH, PT (GD) DELI SERDANG | W4: LUAR PULAU | X4: =5848+18470 -> 24318 | Y4: 40 HC | Z4: 1 | AA4: 1 | AB4: MASUK
A5: BROWN | B5: {=SUMPRODUCT(--ISNUMBER(MATCH(TRIM(W1:W283), {"JABODETABEK","JAWA TENGAH","JAWA TIMUR","LUAR PULAU"}, 0)), --(AC1:AC283=""))} -> 22 | C5: {=SUMPRODUCT(--(LOWER(TRIM(AB1:AB309))="masuk"), --(ISNUMBER(MATCH(TRIM(W1:W309), {"JABODETABEK","JAWA TENGAH","JAWA TIMUR","LUAR PULAU"}, 0))), --(LOWER(AC1:AC309)<>"add"))} -> 20 | D5: =C5+-B5 -> -2 | F5: {=SUMPRODUCT(--(LOWER(AC1:AC309)="add"), --(ISNUMBER(MATCH(W1:W309, {"JABODETABEK","JAWA TENGAH","JAWA TIMUR","LUAR PULAU"}, 0))))} -> 5 | G5: {=SUMPRODUCT(--(LOWER(AB1:AB309)="masuk"), --(LOWER(AC1:AC309)="add"))} -> 5 | H5: =G5+-F5 -> 0 | J5: {=SUMPRODUCT(--(ISNUMBER(SEARCH("next day",LOWER(W1:W309)))+ISNUMBER(SEARCH("nextday",LOWER(W1:W309)))> 0))} -> 1 | K5: {=SUMPRODUCT(--(LOWER(AB1:AB309)="masuk"), --ISNUMBER(SEARCH("next day", LOWER(W1:W309))))} -> 1 | L5: =K5+-J5 -> 0 | N5: =B5+F5+J5 -> 28 | O5: =C5+G5+K5 -> 26 | P5: =D5+H5+L5 -> -2 | R5: 20.10.2025 | S5: 3331562082 | T5: = | U5: = | V5: = | W5: = | X5: = | Y5: = | Z5: = | AA5: = | AB5: =
B6: =SUM(B5) -> 22 | C6: =SUM(C5) -> 20 | D6: =SUM(D5) -> -2 | F6: =SUM(F5) -> 5 | G6: =SUM(G5) -> 5 | H6: =SUM(H5) -> 0 | J6: =SUM(J5) -> 1 | K6: =SUM(K5) -> 1 | L6: =SUM(L5) -> 0 | N6: =SUM(N5:N5) -> 28 | O6: =SUM(O5:O5) -> 26 | P6: =SUM(P5:P5) -> -2 | R6: 20.10.2025 | S6: 3331562084 | T6: DAYA EKA | U6: 24141666 | V6: KREASI KOTAKMEGAH, PT (GD) DELI SERDANG | W6: LUAR PULAU | X6: 22862.928 | Y6: 40 HC | Z6: 1 | AA6: 1 | AB6: MASUK
R7: 20.10.2025 | S7: 3331562086 | T7: DAYA EKA | U7: 24141670 | V7: KREASI KOTAKMEGAH, PT (GD) DELI SERDANG | W7: LUAR PULAU | X7: =12860+10175 -> 23035 | Y7: 40 HC | Z7: 1 | AA7: 1 | AB7: MASUK
A8: =A1 -> Plan tgl 20 OKT'25 jam 15.00 | F8: =F1 -> CARGO ADD | J8: =J1 -> CARGO NEXT DAY | N8: =N1 -> Summary (Plan+ Add + Next Day) | R8: 20.10.2025 | S8: 3331562087 | T8: = | U8: = | V8: = | W8: = | X8: = | Y8: = | Z8: = | AA8: = | AB8: =
A9: =A2 -> Realz update 21 OKT’25 jam 07.00 | F9: =F2 -> Tgl 20 OKT’25 diatas jam 15.00 | J9: =J2 -> Tgl 20 OKT’25 | R9: 20.10.2025 | S9: 3331562090 | T9: DAYA EKA | U9: 24141671 | V9: KREASI KOTAKMEGAH, PT (GD) DELI SERDANG | W9: LUAR PULAU | X9: 23429.74 | Y9: 40 HC | Z9: 1 | AA9: 1 | AB9: MASUK
A10: AREA | B10: JML TRUCK | F10: JMLTRUCK | J10: JMLTRUCK | N10: JML TRUCK | R10: 20.10.2025 | S10: 3331562094 | T10: DAYA EKA | U10: 24141679 | V10: KREASI KOTAKMEGAH, PT (GD) DELI SERDANG | W10: LUAR PULAU | X10: 23942.8 | Y10: 40 HC | Z10: 1 | AA10: 1 | AB10: MASUK
B11: PLAN | C11: REALZ | D11: GAP | F11: ADD | G11: REALZ | H11: GAP | J11: NEXT DAY | K11: REALZ | L11: GAP | N11: PLAN + ADD + NEXT DAY | O11: REALZ | P11: GAP | R11: 16.10.2025 | S11: 3331562099 | T11: DAYA EKA | U11: 24141677 | V11: PT. KREASI KOTAKMEGAH MEDAN | W11: LUAR PULAU | X11: 25373.835 | Y11: 40 HC | Z11: 1 | AA11: 1 | AB11: BELUM MASUK
A12: JABODETABEK | B12: {=SUMPRODUCT(--(TRIM(LOWER(W1:W309))="jabodetabek"), --(LOWER(AC1:AC309)<>"add"))} -> 6 | C12: {=SUMPRODUCT(--(LOWER(AB1:AB309)="masuk"), --(TRIM(LOWER(W1:W309))="jabodetabek"), --(LOWER(AC1:AC309)<>"add"))} -> 6 | D12: =C12+-B12 -> 0 | F12: {=SUMPRODUCT(--(LOWER(AC1:AC309)="add"), --(TRIM(LOWER(W1:W309))="jabodetabek"))} -> 1 | G12: {=SUMPRODUCT(--(LOWER(AB1:AB309)="masuk"), --(LOWER(AC1:AC309)="add"), --(TRIM(LOWER(W1:W309))="jabodetabek"))} -> 1 | H12: =G12+-F12 -> 0 | J12: {=SUMPRODUCT(--(ISNUMBER(SEARCH("jabodetabek next day",LOWER(W1:W309)))+ISNUMBER(SEARCH("jabodetabek nextday",LOWER(W1:W309)))> 0))} -> 0 | K12: {=SUMPRODUCT(--(LOWER(AB1:AB309)="masuk"), --(LOWER(TRIM(W1:W309))="jabodetabek next day"))} -> 0 | L12: =K12+-J12 -> 0 | N12: =B12+F12+J12 -> 7 | O12: =C12+G12+K12 -> 7 | P12: =D12+H12+L12 -> 0 | R12: 16.10.2025 | S12: 3331562100 | T12: DAYA EKA | U12: 24141678 | V12: PT. KREASI KOTAKMEGAH MEDAN | W12: LUAR PULAU | X12: 23997.627 | Y12: 40 HC | Z12: 1 | AA12: 1 | AB12: BELUM MASUK
A13: JAWA TENGAH | B13: {=SUMPRODUCT(--(TRIM(LOWER(W1:W309))="jawa tengah"), --(LOWER(AC1:AC309)<>"add"))} -> 0 | C13: {=SUMPRODUCT(--(LOWER(AB1:AB309)="masuk"), --(TRIM(LOWER(W1:W309))="jawa tengah"), --(LOWER(AC1:AC309)<>"add"))} -> 0 | D13: =C13+-B13 -> 0 | F13: {=SUMPRODUCT(--(LOWER(AC1:AC309)="add"), --(TRIM(LOWER(W1:W309))="jawa tengah"))} -> 3 | G13: {=SUMPRODUCT(--(LOWER(AB1:AB309)="masuk"), --(LOWER(AC1:AC309)="add"), --(TRIM(LOWER(W1:W309))="jawa tengah"))} -> 3 | H13: =G13+-F13 -> 0 | J13: {=SUMPRODUCT(--((LOWER(TRIM(W1:W309))="jawa tengah next day")+(LOWER(TRIM(W1:W309))="jawa tengah nextday")))} -> 1 | K13: {=SUMPRODUCT(--(LOWER(AB1:AB309)="masuk"), --(LOWER(TRIM(W1:W309))="jawa tengah next day"))} -> 1 | L13: =K13+-J13 -> 0 | N13: =B13+F13+J13 -> 4 | O13: =C13+G13+K13 -> 4 | P13: =D13+H13+L13 -> 0 | R13: 20.10.2025 | S13: 3331563050 | T13: KIM | U13: 24141789 | V13: PT.MULIA GRAND MANUFACTURE GRESIK | W13: JAWA TIMUR | X13: =14895+27352 -> 42247 | Y13: TRAILER 14 M | Z13: 1 | AA13: 0 | AB13: MASUK
A14: JAWA TIMUR | B14: {=SUMPRODUCT(--(TRIM(LOWER(W1:W309))="jawa timur"), --(LOWER(AC1:AC309)<>"add"))} -> 9 | C14: {=SUMPRODUCT(--(LOWER(AB1:AB309)="masuk"), --(TRIM(LOWER(W1:W309))="jawa timur"), --(LOWER(AC1:AC309)<>"add"))} -> 9 | D14: =C14+-B14 -> 0 | F14: {=SUMPRODUCT(--(LOWER(AC1:AC309)="add"), --(TRIM(LOWER(W1:W309))="jawa timur"))} -> 1 | G14: {=SUMPRODUCT(--(LOWER(AB1:AB309)="masuk"), --(LOWER(AC1:AC309)="add"), --(TRIM(LOWER(W1:W309))="jawa timur"))} -> 1 | H14: =G14+-F14 -> 0 | J14: {=SUMPRODUCT(--((LOWER(TRIM(W1:W309))="jawa timur next day")+(LOWER(TRIM(W1:W309))="jawa timur nextday")))} -> 0 | K14: {=SUMPRODUCT(--(LOWER(AB1:AB309)="masuk"), --(LOWER(TRIM(W1:W309))="jawa timur next day"))} -> 0 | L14: =K14+-J14 -> 0 | N14: =B14+F14+J14 -> 10 | O14: =C14+G14+K14 -> 10 | P14: =D14+H14+L14 -> 0 | R14: 20.10.2025 | S14: 3331563051 | T14: = | U14: = | V14: = | W14: = | X14: = | Y14: = | Z14: = | AA14: = | AB14: =
A15: LUAR PULAU | B15: {=SUMPRODUCT(--(TRIM(LOWER(W1:W309))="luar pulau"), --(LOWER(AC1:AC309)<>"add"))} -> 7 | C15: {=SUMPRODUCT(--(LOWER(AB1:AB309)="masuk"), --(TRIM(LOWER(W1:W309))="luar pulau"), --(LOWER(AC1:AC309)<>"add"))} -> 5 | D15: =C15+-B15 -> -2 | F15: {=SUMPRODUCT(--(LOWER(AC1:AC309)="add"), --(TRIM(LOWER(W1:W309))="luar pulau"))} -> 0 | G15: {=SUMPRODUCT(--(LOWER(AB1:AB309)="masuk"), --(LOWER(AC1:AC309)="add"), --(TRIM(LOWER(W1:W309))="luar pulau"))} -> 0 | H15: =G15+-F15 -> 0 | J15: {=SUMPRODUCT(--((LOWER(TRIM(W1:W309))="luar pulau next day")+(LOWER(TRIM(W1:W309))="luar pulau nextday")))} -> 0 | K15: {=SUMPRODUCT(--(LOWER(AB1:AB309)="masuk"), --(LOWER(TRIM(W1:W309))="luar pulau next day"))} -> 0 | L15: =K15+-J15 -> 0 | N15: =B15+F15+J15 -> 7 | O15: =C15+G15+K15 -> 5 | P15: =D15+H15+L15 -> -2 | R15: 20.10.2025 | S15: 3331563052 | T15: KIM | U15: 24141790 | V15: PT.MULIA GRAND MANUFACTURE GRESIK | W15: JAWA TIMUR | X15: =33862+12774 -> 46636 | Y15: TRAILER 14 M | Z15: 1 | AA15: 0 | AB15: MASUK
B16: =SUM(B12:B15) -> 22 | C16: =SUM(C12:C15) -> 20 | D16: =SUM(D12:D15) -> -2 | F16: =SUM(F12:F15) -> 5 | G16: =SUM(G12:G15) -> 5 | H16: =SUM(H12:H15) -> 0 | J16: =SUM(J12:J15) -> 1 | K16: =SUM(K12:K15) -> 1 | L16: =SUM(L12:L15) -> 0 | N16: =B16+F16+J16 -> 28 | O16: =C16+G16+K16 -> 26 | P16: =D16+H16+L16 -> -2 | R16: 20.10.2025 | S16: 3331563054 | T16: = | U16: = | V16: = | W16: = | X16: = | Y16: = | Z16: = | AA16: = | AB16: =
R17: 20.10.2025 | S17: 3331563058 | T17: KIM | U17: 24141791 | V17: PT.MULIA GRAND MANUFACTURE GRESIK | W17: JAWA TIMUR | X17: 35059.1 | Y17: TRAILER 14 M | Z17: 1 | AA17: 0 | AB17: MASUK
R18: 20.10.2025 | S18: 3331563175 | T18: SILOG | U18: 24141792 | V18: PT PABRIK KERTAS TJIWI KIMIA MOJOKERTO | W18: JAWA TIMUR | X18: 28142.255 | Y18: TRONTON TC | Z18: 1 | AA18: 1 | AB18: MASUK
R19: 17.10.2025 | S19: 3331563180 | T19: = | U19: = | V19: = | W19: = | X19: = | Y19: = | Z19: = | AA19: = | AB19: =
A20: AMBIL SENDIRI | B20: JML TRUCK | R20: 20.10.2025 | S20: 3331563216 | T20: KIM | U20: 24141793 | V20: PT. SENTRAL KEMASINDO TEGUH MOJOKERTO | W20: JAWA TIMUR | X20: 36942.583 | Y20: TRAILER 14 M | Z20: 1 | AA20: 1 | AB20: MASUK
B21: PLAN | C21: REALZ | D21: GAP | R21: 17.10.2025 | S21: 3331563212 | T21: KIM | U21: 24141794 | V21: PT. SENTRAL KEMASINDO TEGUH MOJOKERTO | W21: JAWA TIMUR | X21: =11330+30137 -> 41467 | Y21: TRAILER 12 M | Z21: 1 | AA21: 1 | AB21: MASUK
A22: BROWN | B22: {=SUMPRODUCT(--((LOWER(TRIM($W$2:$W$316))="ambil sendiri")+(LOWER(TRIM($W$2:$W$316))="cokot sorangan")))} -> 3 | C22: {=SUMPRODUCT(--(LOWER(AB2:AB342)="masuk"), --((LOWER(TRIM($W$2:$W$342))="cokot sorangan") + (LOWER(TRIM(W2:W342))="ambil sendiri")))} -> 0 | D22: =C22+-B22 -> -3 | R22: 20.10.2025 | S22: 3331563215 | T22: = | U22: = | V22: PT. SENTRAL KEMASINDO TEGUH MOJOKERTO | W22: = | X22: = | Y22: = | Z22: = | AA22: = | AB22: =
R23: 20.10.2025 | S23: 3331563218 | T23: KIM | U23: 24141795 | V23: PT. SENTRAL KEMASINDO TEGUH MOJOKERTO | W23: JAWA TIMUR | X23: 42447.415 | Y23: TRAILER 12 M | Z23: 1 | AA23: 1 | AB23: MASUK
R24: 20.10.2025 | S24: 3331563221 | T24: DEWI SRI | U24: 24141796 | V24: MITRACITRA MANDIRIOFFSET, PT (GD) MOJOKERTO | W24: JAWA TIMUR | X24: =35657+3163+1154 -> 39974 | Y24: TRAILER 12 M | Z24: 1 | AA24: 1 | AB24: MASUK
R25: 20.10.2025 | S25: 3331563222 | T25: = | U25: = | V25: = | W25: = | X25: = | Y25: = | Z25: = | AA25: = | AB25: =
R26: 20.10.2025 | S26: 3331563224 | T26: = | U26: = | V26: = | W26: = | X26: = | Y26: = | Z26: = | AA26: = | AB26: =
R27: 20.10.2025 | S27: 3331563248 | T27: MBI | U27: 24141797 | V27: MULTIBOX INDAH, PT TANGERANG | W27: AMBIL SENDIRI | X27: =20180+21486 -> 41666 | Y27: TRAILER 12 M | Z27: 1 | AA27: 1 | AB27: BELUM MASUK
R28: 20.10.2025 | S28: 3331563255 | T28: = | U28: = | V28: = | W28: = | X28: = | Y28: = | Z28: = | AA28: = | AB28: =
R29: 20.10.2025 | S29: 3331563262 | T29: MBI | U29: 24141798 | V29: MULTIBOX INDAH, PT TANGERANG | W29: AMBIL SENDIRI | X29: 35222.324 | Y29: TRAILER 12 M | Z29: 1 | AA29: 1 | AB29: BELUM MASUK
R30: 20.10.2025 | S30: 3331563264 | T30: MBI | U30: 24141799 | V30: MULTIBOX INDAH, PT TANGERANG | W30: AMBIL SENDIRI | X30: 45242.838 | Y30: TRAILER 12 M | Z30: 1 | AA30: 1 | AB30: BELUM MASUK
R31: 20.10.2025 | S31: 3331563263 | T31: TNJ | U31: 24141800 | V31: PT. APP PURINUSA EKAPERSADA DEMAK | W31: JAWA TENGAH | X31: 29842.99 | Y31: TRWB | Z31: 1 | AA31: 1 | AB31: MASUK | AC31: ADD
R32: 20.10.2025 | S32: 3331563265 | T32: TNJ | U32: 24141801 | V32: PT. APP PURINUSA EKAPERSADA BAWEN | W32: JAWA TENGAH | X32: 29415.44 | Y32: TRWB | Z32: 1 | AA32: 1 | AB32: MASUK | AC32: ADD
R33: 21.10.2025 | S33: 3331563266 | T33: TNJ | U33: 24141802 | V33: PT. APP PURINUSA EKAPERSADA BAWEN | W33: JAWA TENGAH | X33: 29415.44 | Y33: TRWB | Z33: 1 | AA33: 1 | AB33: MASUK | AC33: ADD
R34: 20.10.2025 | S34: 3331563280 | T34: DEWI SRI | U34: 24141808 | V34: PT. JAWASURYA KENCANAINDAH SEMARANG | W34: JAWA TENGAH NEXT DAY | X34: 42714.508 | Y34: TRAILER 12 M | Z34: 1 | AA34: 1 | AB34: MASUK
R35: 20.10.2025 | S35: 3331563283 | T35: = | U35: = | V35: = | W35: = | X35: = | Y35: = | Z35: = | AA35: = | AB35: =
R36: 20.10.2025 | S36: 3331563284 | T36: = | U36: = | V36: = | W36: = | X36: = | Y36: = | Z36: = | AA36: = | AB36: =
R37: 20.10.2025 | S37: 3331563287 | T37: = | U37: = | V37: = | W37: = | X37: = | Y37: = | Z37: = | AA37: = | AB37: =
R38: 20.10.2025 | S38: 3331563230 | T38: SILOG TC | U38: 24141809 | V38: PT.SURINDO TEGUH GEMILANG GRESIK | W38: JAWA TIMUR | X38: 26209.067 | Y38: TRONTON TC | Z38: 1 | AA38: 1 | AB38: MASUK | AC38: ADD
R57: 20.10.2025 | S57: 3331563032 | T57: YUSHAR | U57: 24141782 | V57: PT. ADINA MULTI WAHANA TANGERANG | W57: JABODETABEK | X57: 26483.41 | Y57: TRONTON | Z57: 1 | AA57: 1 | AB57: MASUK
R58: 20.10.2025 | S58: 3331563033 | T58: TFT | U58: 24141783 | V58: PT. KATI KARTIKA MURNI TANGERANG | W58: JABODETABEK | X58: 26892.895 | Y58: TRONTON | Z58: 1 | AA58: 1 | AB58: MASUK
R59: 17.10.2025 | S59: 3331563036 | T59: TFT | U59: 24141784 | V59: PT. KATI KARTIKA MURNI TANGERANG | W59: JABODETABEK | X59: 25738.51 | Y59: TRONTON | Z59: 1 | AA59: 1 | AB59: MASUK
R60: 21.10.2025 | S60: 3331563035 | T60: ALIEF | U60: 24141785 | V60: PT. KATI KARTIKA MURNI CIKARANG | W60: JABODETABEK | X60: 25866.775 | Y60: TRONTON | Z60: 1 | AA60: 1 | AB60: MASUK
R61: 20.10.2025 | S61: 3331563041 | T61: ALIEF | U61: 24141786 | V61: PT. KATI KARTIKA MURNI CIKARANG | W61: JABODETABEK | X61: 25524.735 | Y61: TRONTON | Z61: 1 | AA61: 1 | AB61: MASUK
R62: 20.10.2025 | S62: 3331563034 | T62: TFT | U62: 24141787 | V62: PT. SETIAJAYA KEMASINDO MADYA TANGERANG | W62: JABODETABEK | X62: =21136.763+3769.755 -> 24906.518 | Y62: TRONTON | Z62: 1 | AA62: 1 | AB62: MASUK
R63: 20.10.2025 | S63: 3331563037 | T63: = | U63: = | V63: = | W63: = | X63: = | Y63: = | Z63: = | AA63: = | AB63: =
R64: 20.10.2025 | S64: 3331563039 | T64: = | U64: = | V64: = | W64: = | X64: = | Y64: = | Z64: = | AA64: = | AB64: =
R65: 20.10.2025 | S65: 3331563322 | T65: ALIEF | U65: 24141810 | V65: PT. PARAMITRA GUNAKARYA CEMERLANG | W65: JABODETABEK | X65: 24966.322 | Y65: TRONTON TC | Z65: 1 | AA65: 1 | AB65: MASUK | AC65: ADD
R66: 20.10.2025 | S66: 3331563331 | T66: = | U66: = | V66: = | W66: = | X66: = | Y66: = | Z66: = | AA66: =
R67: 20.10.2025 | S67: 3331563334 | T67: = | U67: = | V67: = | W67: = | X67: = | Y67: = | Z67: = | AA67: =
R68: 20.10.2025 | S68: 3331563342 | T68: = | U68: = | V68: = | W68: = | X68: = | Y68: = | Z68: = | AA68: =
U135: 22000
U136: 11000

Sheet 17.10.25
A1: Plan tgl 17-19 OKT'25 jam 15.00 | F1: CARGO ADD | J1: CARGO NEXT DAY | N1: Summary (Plan+ Add + Next Day) | R1: Tanggal | S1: Delivery | T1: Vendor | U1: SN | V1: Name ship-to party | W1: AREA | X1: TOTAL WEIGHT | Y1: TRUCK TYPE | Z1: KEBUTUHAN | AA1: KETERSEDIAAN | AB1: GATE IN | AC1: Add
A2: Realz update 20 OKT’25 jam 07.00 | F2: Tgl 17 OKT’25 diatas jam 15.00 | J2: Tgl 17 OKT’25 | R2: 31.10.2025 | S2: 3331561348 | T2: DAYA EKA | U2: 24141547 | V2: KREASI KOTAKMEGAH, PT (GD) DELI SERDANG | W2: LUAR PULAU | X2: 24040.633 | Y2: 40 HC | Z2: 1 | AA2: 1 | AB2: MASUK
A3: PRODUK | B3: JML TRUCK | F3: JMLTRUCK | J3: JMLTRUCK | N3: JML TRUCK | R3: 31.10.2025 | S3: 3331561351 | T3: DAYA EKA | U3: 24141548 | V3: KREASI KOTAKMEGAH, PT (GD) DELI SERDANG | W3: LUAR PULAU | X3: 23997.627 | Y3: 40 HC | Z3: 1 | AA3: 1 | AB3: MASUK
B4: PLAN | C4: REALZ | D4: GAP | F4: ADD | G4: REALZ | H4: GAP | J4: NEXT DAY | K4: REALZ | L4: GAP | N4: PLAN + ADD + NEXT DAY | O4: REALZ | P4: GAP | R4: 31.10.2025 | S4: 3331561359 | T4: DAYA EKA | U4: 24141549 | V4: KREASI KOTAKMEGAH, PT (GD) DELI SERDANG | W4: LUAR PULAU | X4: 23997.627 | Y4: 40 HC | Z4: 1 | AA4: 1 | AB4: MASUK
A5: BROWN | B5: {=SUMPRODUCT(--ISNUMBER(MATCH(TRIM(W1:W253), {"JABODETABEK","JAWA TENGAH","JAWA TIMUR","LUAR PULAU"}, 0)))} -> 55 | C5: {=SUMPRODUCT(--(LOWER(TRIM(AB1:AB279))="masuk"), --(ISNUMBER(MATCH(TRIM(W1:W279), {"JABODETABEK","JAWA TENGAH","JAWA TIMUR","LUAR PULAU"}, 0))))} -> 55 | D5: =C5+-B5 -> 0 | F5: {=SUMPRODUCT(--(LOWER(AC1:AC279)="add"), --(ISNUMBER(MATCH(W1:W279, {"JABODETABEK","JAWA TENGAH","JAWA TIMUR","LUAR PULAU"}, 0))))} -> 5 | G5: {=SUMPRODUCT(--(LOWER(AB1:AB279)="masuk"), --(LOWER(AC1:AC279)="add"))} -> 5 | H5: =G5+-F5 -> 0 | J5: {=SUMPRODUCT(--(ISNUMBER(SEARCH("next day",LOWER(W1:W279)))+ISNUMBER(SEARCH("nextday",LOWER(W1:W279)))> 0))} -> 10 | K5: {=SUMPRODUCT(--(LOWER(AB1:AB279)="masuk"), --ISNUMBER(SEARCH("next day", LOWER(W1:W279))))} -> 10 | L5: =K5+-J5 -> 0 | N5: =B5+F5+J5 -> 70 | O5: =C5+G5+K5 -> 70 | P5: =D5+H5+L5 -> 0 | R5: 31.10.2025 | S5: 3331561361 | T5: DAYA EKA | U5: 24141550 | V5: KREASI KOTAKMEGAH, PT (GD) DELI SERDANG | W5: LUAR PULAU | X5: 23395.536 | Y5: 40 HC | Z5: 1 | AA5: 1 | AB5: MASUK
B6: =SUM(B5) -> 55 | C6: =SUM(C5) -> 55 | D6: =SUM(D5) -> 0 | F6: =SUM(F5) -> 5 | G6: =SUM(G5) -> 5 | H6: =SUM(H5) -> 0 | J6: =SUM(J5) -> 10 | K6: =SUM(K5) -> 10 | L6: =SUM(L5) -> 0 | N6: =SUM(N5:N5) -> 70 | O6: =SUM(O5:O5) -> 70 | P6: =SUM(P5:P5) -> 0 | R6: 13.10.2025 | S6: 3331560970 | T6: DAYA EKA | U6: 24141505 | V6: KREASI KOTAKMEGAH, PT (GD) DELI SERDANG | W6: LUAR PULAU | X6: 22191.354 | Y6: 40 HC | Z6: 1 | AA6: 1 | AB6: MASUK
R7: 13.10.2025 | S7: 3331560972 | T7: DAYA EKA | U7: 24141506 | V7: KREASI KOTAKMEGAH, PT (GD) DELI SERDANG | W7: LUAR PULAU | X7: 22191.354 | Y7: 40 HC | Z7: 1 | AA7: 1 | AB7: MASUK
A8: =A1 -> Plan tgl 17-19 OKT'25 jam 15.00 | F8: =F1 -> CARGO ADD | J8: =J1 -> CARGO NEXT DAY | N8: =N1 -> Summary (Plan+ Add + Next Day) | R8: 13.10.2025 | S8: 3331560973 | T8: DAYA EKA | U8: 24141507 | V8: KREASI KOTAKMEGAH, PT (GD) DELI SERDANG | W8: LUAR PULAU | X8: 22191.354 | Y8: 40 HC | Z8: 1 | AA8: 1 | AB8: MASUK
A9: =A2 -> Realz update 20 OKT’25 jam 07.00 | F9: =F2 -> Tgl 17 OKT’25 diatas jam 15.00 | J9: =J2 -> Tgl 17 OKT’25 | R9: 13.10.2025 | S9: 3331561023 | T9: DAYA EKA | U9: 24141513 | V9: KREASI KOTAKMEGAH, PT (GD) DELI SERDANG | W9: LUAR PULAU | X9: 22147.09 | Y9: 40 HC | Z9: 1 | AA9: 1 | AB9: MASUK
A10: AREA | B10: JML TRUCK | F10: JMLTRUCK | J10: JMLTRUCK | N10: JML TRUCK | R10: 14.10.2025 | S10: 3331561360 | T10: DAYA EKA | U10: 24141552 | V10: PT. KREASI KOTAKMEGAH MEDAN | W10: LUAR PULAU | X10: 24771.744 | Y10: 40 HC | Z10: 1 | AA10: 1 | AB10: MASUK
B11: PLAN | C11: REALZ | D11: GAP | F11: ADD | G11: REALZ | H11: GAP | J11: NEXT DAY | K11: REALZ | L11: GAP | N11: PLAN + ADD + NEXT DAY | O11: REALZ | P11: GAP | R11: 14.10.2025 | S11: 3331561385 | T11: DAYA EKA | U11: 24141553 | V11: PT. KREASI KOTAKMEGAH MEDAN | W11: LUAR PULAU | X11: 23395.536 | Y11: 40 HC | Z11: 1 | AA11: 1 | AB11: MASUK
A12: JABODETABEK | B12: {=SUMPRODUCT(--(TRIM(LOWER(W1:W279))="jabodetabek"))} -> 13 | C12: {=SUMPRODUCT(--(LOWER(AB1:AB279)="masuk"), --(TRIM(LOWER(W1:W279))="jabodetabek"))} -> 13 | D12: =C12+-B12 -> 0 | F12: {=SUMPRODUCT(--(LOWER(AC1:AC279)="add"), --(TRIM(LOWER(W1:W279))="jabodetabek"))} -> 5 | G12: {=SUMPRODUCT(--(LOWER(AB1:AB279)="masuk"), --(LOWER(AC1:AC279)="add"), --(TRIM(LOWER(W1:W279))="jabodetabek"))} -> 5 | H12: =G12+-F12 -> 0 | J12: {=SUMPRODUCT(--(ISNUMBER(SEARCH("jabodetabek next day",LOWER(W1:W279)))+ISNUMBER(SEARCH("jabodetabek nextday",LOWER(W1:W279)))> 0))} -> 9 | K12: {=SUMPRODUCT(--(LOWER(AB1:AB279)="masuk"), --(LOWER(TRIM(W1:W279))="jabodetabek next day"))} -> 9 | L12: =K12+-J12 -> 0 | N12: =B12+F12+J12 -> 27 | O12: =C12+G12+K12 -> 27 | P12: =D12+H12+L12 -> 0 | R12: 16.10.2025 | S12: 3331562221 | T12: TNJ | U12: 24141713 | V12: PT PABRIK KERTAS TJIWI KIMIA SIDOARJO | W12: JAWA TIMUR NEXT DAY | X12: 44440.553 | Y12: TRAILER | Z12: 1 | AA12: 1 | AB12: MASUK
A13: JAWA TENGAH | B13: {=SUMPRODUCT(--(TRIM(LOWER(W1:W279))="jawa tengah"))} -> 2 | C13: {=SUMPRODUCT(--(LOWER(AB1:AB279)="masuk"), --(TRIM(LOWER(W1:W279))="jawa tengah"))} -> 2 | D13: =C13+-B13 -> 0 | F13: {=SUMPRODUCT(--(LOWER(AC1:AC279)="add"), --(TRIM(LOWER(W1:W279))="jawa tengah"))} -> 0 | G13: {=SUMPRODUCT(--(LOWER(AB1:AB279)="masuk"), --(LOWER(AC1:AC279)="add"), --(TRIM(LOWER(W1:W279))="jawa tengah"))} -> 0 | H13: =G13+-F13 -> 0 | J13: {=SUMPRODUCT(--((LOWER(TRIM(W1:W279))="jawa tengah next day")+(LOWER(TRIM(W1:W279))="jawa tengah nextday")))} -> 0 | K13: {=SUMPRODUCT(--(LOWER(AB1:AB279)="masuk"), --(LOWER(TRIM(W1:W279))="jawa tengah next day"))} -> 0 | L13: =K13+-J13 -> 0 | N13: =B13+F13+J13 -> 2 | O13: =C13+G13+K13 -> 2 | P13: =D13+H13+L13 -> 0 | R13: 16.10.2025 | S13: 3331562227 | T13: KIM | U13: 24141719 | V13: PT PABRIK KERTAS TJIWI KIMIA SIDOARJO | W13: JAWA TIMUR | X13: 42017.35 | Y13: TRAILER | Z13: 1 | AA13: 1 | AB13: MASUK
A14: JAWA TIMUR | B14: {=SUMPRODUCT(--(TRIM(LOWER(W1:W279))="jawa timur"))} -> 30 | C14: {=SUMPRODUCT(--(LOWER(AB1:AB279)="masuk"), --(TRIM(LOWER(W1:W279))="jawa timur"))} -> 30 | D14: =C14+-B14 -> 0 | F14: {=SUMPRODUCT(--(LOWER(AC1:AC279)="add"), --(TRIM(LOWER(W1:W279))="jawa timur"))} -> 0 | G14: {=SUMPRODUCT(--(LOWER(AB1:AB279)="masuk"), --(LOWER(AC1:AC279)="add"), --(TRIM(LOWER(W1:W279))="jawa timur"))} -> 0 | H14: =G14+-F14 -> 0 | J14: {=SUMPRODUCT(--((LOWER(TRIM(W1:W279))="jawa timur next day")+(LOWER(TRIM(W1:W279))="jawa timur nextday")))} -> 1 | K14: {=SUMPRODUCT(--(LOWER(AB1:AB279)="masuk"), --(LOWER(TRIM(W1:W279))="jawa timur next day"))} -> 1 | L14: =K14+-J14 -> 0 | N14: =B14+F14+J14 -> 31 | O14: =C14+G14+K14 -> 31 | P14: =D14+H14+L14 -> 0 | R14: 16.10.2025 | S14: 3331562229 | T14: TNJ | U14: 24141729 | V14: PT PABRIK KERTAS TJIWI KIMIA SIDOARJO | W14: JAWA TIMUR | X14: =15848.166+26908.74 -> 42756.906 | Y14: TRAILER | Z14: 1 | AA14: 1 | AB14: MASUK
A15: LUAR PULAU | B15: {=SUMPRODUCT(--(TRIM(LOWER(W1:W279))="luar pulau"))} -> 10 | C15: {=SUMPRODUCT(--(LOWER(AB1:AB279)="masuk"), --(TRIM(LOWER(W1:W279))="luar pulau"))} -> 10 | D15: =C15+-B15 -> 0 | F15: {=SUMPRODUCT(--(LOWER(AC1:AC279)="add"), --(TRIM(LOWER(W1:W279))="luar pulau"))} -> 0 | G15: {=SUMPRODUCT(--(LOWER(AB1:AB279)="masuk"), --(LOWER(AC1:AC279)="add"), --(TRIM(LOWER(W1:W279))="luar pulau"))} -> 0 | H15: =G15+-F15 -> 0 | J15: {=SUMPRODUCT(--((LOWER(TRIM(W1:W279))="luar pulau next day")+(LOWER(TRIM(W1:W279))="luar pulau nextday")))} -> 0 | K15: {=SUMPRODUCT(--(LOWER(AB1:AB279)="masuk"), --(LOWER(TRIM(W1:W279))="luar pulau next day"))} -> 0 | L15: =K15+-J15 -> 0 | N15: =B15+F15+J15 -> 10 | O15: =C15+G15+K15 -> 10 | P15: =D15+H15+L15 -> 0 | R15: 16.10.2025 | S15: 3331562256 | T15: = | U15: = | V15: = | W15: = | X15: = | Y15: = | Z15: = | AA15: = | AB15: =
B16: =SUM(B12:B15) -> 55 | C16: =SUM(C12:C15) -> 55 | D16: =SUM(D12:D15) -> 0 | F16: =SUM(F12:F15) -> 5 | G16: =SUM(G12:G15) -> 5 | H16: =SUM(H12:H15) -> 0 | J16: =SUM(J12:J15) -> 10 | K16: =SUM(K12:K15) -> 10 | L16: =SUM(L12:L15) -> 0 | N16: =B16+F16+J16 -> 70 | O16: =C16+G16+K16 -> 70 | P16: =D16+H16+L16 -> 0 | R16: 17.10.2025 | S16: 3331562170 | T16: MANDALA | U16: 24141706 | V16: PT PABRIK KERTAS TJIWI KIMIA SIDOARJO | W16: JAWA TIMUR | X16: 46678.478 | Y16: TRAILER | Z16: 1 | AA16: 1 | AB16: MASUK
R17: 17.10.2025 | S17: 3331562178 | T17: BRJ | U17: 24141709 | V17: PT PABRIK KERTAS TJIWI KIMIA SIDOARJO | W17: JAWA TIMUR | X17: 42738.087 | Y17: TRAILER | Z17: 1 | AA17: 1 | AB17: MASUK
R18: 16.10.2025 | S18: 3331562221 | T18: DEWISRI | U18: 24141713 | V18: PT PABRIK KERTAS TJIWI KIMIA SIDOARJO | W18: JAWA TIMUR | X18: 44440.553 | Y18: TRAILER | Z18: 1 | AA18: 1 | AB18: MASUK
R19: 16.10.2025 | S19: 3331562222 | T19: DEWISRI | U19: 24141714 | V19: PT PABRIK KERTAS TJIWI KIMIA SIDOARJO | W19: JAWA TIMUR | X19: 43651.598 | Y19: TRAILER | Z19: 1 | AA19: 1 | AB19: MASUK
A20: AMBIL SENDIRI | B20: JML TRUCK | R20: 31.10.2025 | S20: 3331562394 | T20: PRESTIGE | U20: 24141735 | V20: PT PABRIK KERTAS TJIWI KIMIA SIDOARJO | W20: JAWA TIMUR | X20: 24854.774 | Y20: 40 HC | Z20: 1 | AA20: 1 | AB20: MASUK
B21: PLAN | C21: REALZ | D21: GAP | R21: 16.10.2025 | S21: 3331562226 | T21: MANDALA | U21: 24141718 | V21: PT PABRIK KERTAS TJIWI KIMIA SIDOARJO | W21: JAWA TIMUR | X21: 41776.665 | Y21: TRAILER | Z21: 1 | AA21: 1 | AB21: MASUK
A22: BROWN | B22: {=SUMPRODUCT(--((LOWER(TRIM($W$2:$W$286))="ambil sendiri")+(LOWER(TRIM($W$2:$W$286))="cokot sorangan")))} -> 0 | C22: {=SUMPRODUCT(--(LOWER(AB2:AB312)="masuk"), --((LOWER(TRIM($W$2:$W$312))="cokot sorangan") + (LOWER(TRIM(W2:W312))="ambil sendiri")))} -> 0 | D22: =C22+-B22 -> 0 | R22: 16.10.2025 | S22: 3331562158 | T22: PRESTIGE | U22: 24141716 | V22: PT PABRIK KERTAS TJIWI KIMIA SIDOARJO | W22: JAWA TIMUR | X22: =25481.98+4026.993 -> 29508.973 | Y22: 40 HC | Z22: 1 | AA22: 1 | AB22: MASUK
R23: 16.10.2025 | S23: 3331562224 | T23: = | U23: = | V23: = | W23: = | X23: = | Y23: = | Z23: = | AA23: = | AB23: =
R24: 16.10.2025 | S24: 3331562289 | T24: KEMILAU | U24: 24141736 | V24: PT. JAWASURYA KENCANAINDAH SEMARANG | W24: JAWA TENGAH | X24: 24771.744 | Y24: AMBIL SENDIRI | Z24: 1 | AA24: 1 | AB24: MASUK
R25: 16.10.2025 | S25: 3331562290 | T25: KEMILAU | U25: 24141737 | V25: PT. JAWASURYA KENCANAINDAH SEMARANG | W25: JAWA TENGAH | X25: 26664.03 | Y25: AMBIL SENDIRI | Z25: 1 | AA25: 1 | AB25: MASUK
R26: 17.10.2025 | S26: 3331562400 | T26: SILOG | U26: 24141738 | V26: PT PABRIK KERTAS TJIWI KIMIA SIDOARJO | W26: JAWA TIMUR | X26: =13418.028+11691.27 -> 25109.298 | Y26: TRONTON | Z26: 1 | AA26: 1 | AB26: MASUK
R27: 17.10.2025 | S27: 3331562402 | T27: = | U27: = | V27: = | W27: = | X27: = | Y27: = | Z27: = | AA27: = | AB27: =
R28: 17.10.2025 | S28: 3331562417 | T28: BRJ | U28: 24141745 | V28: PT.MULIA GRAND MANUFACTURE GRESIK | W28: JAWA TIMUR | X28: 37752.665 | Y28: TRAILER | Z28: 1 | AA28: 1 | AB28: MASUK
R29: 17.10.2025 | S29: 3331562418 | T29: TNJ | U29: 24141746 | V29: PT.MULIA GRAND MANUFACTURE GRESIK | W29: JAWA TIMUR | X29: 35315.63 | Y29: TRAILER | Z29: 1 | AA29: 1 | AB29: MASUK
R30: 17.10.2025 | S30: 3331562419 | T30: BRJ | U30: 24141747 | V30: PT.MULIA GRAND MANUFACTURE GRESIK | W30: JAWA TIMUR | X30: 44903.137 | Y30: TRAILER | Z30: 1 | AA30: 1 | AB30: MASUK
R31: 17.10.2025 | S31: 3331562420 | T31: SILOG | U31: 24141748 | V31: PT.MULIA GRAND MANUFACTURE GRESIK | W31: JAWA TIMUR | X31: =18402.925+25182.695 -> 43585.62 | Y31: TRAILER | Z31: 1 | AA31: 1 | AB31: MASUK
R32: 17.10.2025 | S32: 3331562422 | T32: = | U32: = | V32: = | W32: = | X32: = | Y32: = | Z32: = | AA32: = | AB32: =
R33: 17.10.2025 | S33: 3331562463 | T33: BRJ | U33: 24141749 | V33: PT. SENTRAL KEMASINDO TEGUH MOJOKERTO | W33: JAWA TIMUR | X33: 37880.93 | Y33: TRAILER | Z33: 1 | AA33: 1 | AB33: MASUK
R34: 17.10.2025 | S34: 3331562465 | T34: SIBA SURYA | U34: 24141751 | V34: *PT. SENTRAL KEMASINDO TEGUH MOJOKERTO | W34: JAWA TIMUR | X34: 40446.23 | Y34: TRAILER | Z34: 1 | AA34: 1 | AB34: MASUK
R35: 17.10.2025 | S35: 3331562468 | T35: TNJ | U35: 24141750 | V35: *PT. SENTRAL KEMASINDO TEGUH MOJOKERTO | W35: JAWA TIMUR | X35: =12557.29+35914.2 -> 48471.49 | Y35: TRAILER | Z35: 1 | AA35: 1 | AB35: MASUK
R36: 17.10.2025 | S36: 3331562473 | T36: = | U36: = | V36: = | W36: = | X36: = | Y36: = | Z36: = | AA36: = | AB36: =
R37: 16.10.2025 | S37: 3331562225 | T37: BRJ | U37: 24141717 | V37: PT PABRIK KERTAS TJIWI KIMIA SIDOARJO | W37: JAWA TIMUR | X37: =11971.4+30527.07 -> 42498.47 | Y37: TRAILER | Z37: 1 | AA37: 1 | AB37: MASUK
R38: 17.10.2025 | S38: 3331562503 | T38: = | U38: = | V38: = | W38: = | X38: = | Y38: = | Z38: = | AA38: = | AB38: =
R39: 17.10.2025 | S39: 3331562519 | T39: SILOG | U39: 24141752 | V39: MITRACITRA MANDIRIOFFSET, PT (GD) MOJOKERTO | W39: JAWA TIMUR | X39: 25567.49 | Y39: TRONTON | Z39: 1 | AA39: 1 | AB39: MASUK
R40: 17.10.2025 | S40: 3331562523 | T40: SILOG | U40: 24141753 | V40: MITRACITRA MANDIRIOFFSET, PT (GD) MOJOKERTO | W40: JAWA TIMUR | X40: 25567.49 | Y40: TRONTON | Z40: 1 | AA40: 1 | AB40: MASUK
R41: 17.10.2025 | S41: 3331562524 | T41: SILOG | U41: 24141754 | V41: MITRACITRA MANDIRIOFFSET, PT (GD) MOJOKERTO | W41: JAWA TIMUR | X41: 25567.49 | Y41: TRONTON | Z41: 1 | AA41: 1 | AB41: MASUK
R42: 17.10.2025 | S42: 3331562527 | T42: SILOG | U42: 24141755 | V42: MITRACITRA MANDIRIOFFSET, PT (GD) MOJOKERTO | W42: JAWA TIMUR | X42: =17529.55+8241.152 -> 25770.702 | Y42: TRONTON | Z42: 1 | AA42: 1 | AB42: MASUK
R43: 31.10.2025 | S43: 3331562528 | T43: = | U43: = | V43: = | W43: = | X43: = | Y43: = | Z43: = | AA43: = | AB43: =
R44: 17.10.2025 | S44: 3331562529 | T44: SILOG | U44: 24141757 | V44: MITRACITRA MANDIRIOFFSET, PT (GD) MOJOKERTO | W44: JAWA TIMUR | X44: 25567.49 | Y44: TRONTON | Z44: 1 | AA44: 1 | AB44: MASUK
R45: 17.10.2025 | S45: 3331562530 | T45: SILOG | U45: 24141758 | V45: MITRACITRA MANDIRIOFFSET, PT (GD) MOJOKERTO | W45: JAWA TIMUR | X45: 25567.49 | Y45: TRONTON | Z45: 1 | AA45: 1 | AB45: MASUK
R46: 17.10.2025 | S46: 3331562539 | T46: PRESTIGE | U46: 24141759 | V46: PT.SURINDO TEGUH GEMILANG GRESIK | W46: JAWA TIMUR | X46: 27867.949 | Y46: 40 HC | Z46: 1 | AA46: 1 | AB46: MASUK
R47: 17.10.2025 | S47: 3331562540 | T47: BRJ | U47: 24141760 | V47: PT.SURINDO TEGUH GEMILANG GRESIK | W47: JAWA TIMUR | X47: 44167.676 | Y47: TRAILER | Z47: 1 | AA47: 1 | AB47: MASUK
R48: 17.10.2025 | S48: 3331562543 | T48: BRJ | U48: 24141761 | V48: PT.SURINDO TEGUH GEMILANG GRESIK | W48: JAWA TIMUR | X48: 44124.668 | Y48: TRAILER | Z48: 1 | AA48: 1 | AB48: MASUK
R49: 31.10.2025 | S49: 3331562545 | T49: BRJ | U49: 24141762 | V49: PT.SURINDO TEGUH GEMILANG GRESIK | W49: JAWA TIMUR | X49: 37741.85 | Y49: TRAILER | Z49: 1 | AA49: 1 | AB49: MASUK
R50: 17.10.2025 | S50: 3331562546 | T50: BRJ | U50: 24141763 | V50: PT.SURINDO TEGUH GEMILANG GRESIK | W50: JAWA TIMUR | X50: 38705.85 | Y50: TRAILER | Z50: 1 | AA50: 1 | AB50: MASUK
R51: 17.10.2025 | S51: 3331562547 | T51: TNJ | U51: 24141764 | V51: PT.SURINDO TEGUH GEMILANG GRESIK | W51: JAWA TIMUR | X51: 41237.952 | Y51: TRAILER | Z51: 1 | AA51: 1 | AB51: MASUK
R52: 17.10.2025 | S52: 3331562377 | T52: ALIEF | U52: 24141725 | V52: PT. KATI KARTIKA MURNI CIKARANG | W52: JABODETABEK | X52: 25824.02 | Y52: TRONTON | Z52: 1 | AA52: 1 | AB52: MASUK
R53: 17.10.2025 | S53: 3331562379 | T53: ALIEF | U53: 24141726 | V53: PT. KATI KARTIKA MURNI CIKARANG | W53: JABODETABEK | X53: 26251.57 | Y53: TRONTON | Z53: 1 | AA53: 1 | AB53: MASUK
R54: 17.10.2025 | S54: 3331562385 | T54: ALIEF | U54: 24141727 | V54: PT. KATI KARTIKA MURNI CIKARANG | W54: JABODETABEK NEXT DAY | X54: 25054.43 | Y54: TRONTON | Z54: 1 | AA54: 1 | AB54: MASUK
R55: 17.10.2025 | S55: 3331562389 | T55: TFT | U55: 24141728 | V55: PT. KATI KARTIKA MURNI CIKARANG | W55: JABODETABEK NEXT DAY | X55: 25183.198 | Y55: TRONTON | Z55: 1 | AA55: 1 | AB55: MASUK
... R59: 17.10.2025 | S59: 3331562375 | T59: ALIEF | U59: 24141733 | V59: PT. KATI KARTIKA MURNI TANGERANG | W59: JABODETABEK NEXT DAY | X59: 26166.06 | Y59: TRONTON | Z59: 1 | AA59: 1 | AB59: MASUK
R60: 17.10.2025 | S60: 3331562388 | T60: SMJ | U60: 24141734 | V60: PT. SETIAJAYA KEMASINDO MADYA TANGERANG | W60: JABODETABEK | X60: =1388.28+3722.52+4278.518+11004.456+3129.666 -> 23523.44 | Y60: TRONTON | Z60: 1 | AA60: 1 | AB60: MASUK
R61: 17.10.2025 | S61: 3331562390 | T61: = | U61: = | V61: = | W61: = | X61: = | Y61: = | Z61: = | AA61: = | AB61: =
R62: 17.10.2025 | S62: 3331562391 | T62: = | V62: = | W62: = | X62: = | Y62: = | Z62: = | AA62: = | AB62: =
R63: 17.10.2025 | S63: 3331562392 | T63: = | U63: = | V63: = | W63: = | X63: = | Y63: = | Z63: = | AA63: = | AB63: =
R64: 17.10.2025 | S64: 3331562393 | T64: = | U64: = | V64: = | W64: = | X64: = | Y64: = | Z64: = | AA64: = | AB64: =
R65: 17.10.2025 | S65: 3331562399 | T65: YUSHAR | U65: 24141739 | V65: PT. SETIAJAYA KEMASINDO MADYA TANGERANG | W65: JABODETABEK | X65: =2614.594+23055.605 -> 25670.199 | Y65: TRONTON | Z65: 1 | AA65: 1 | AB65: MASUK
R66: 17.10.2025 | S66: 3331562401 | T66: = | U66: = | V66: = | W66: = | X66: = | Y66: = | Z66: = | AA66: = | AB66: =
R67: 17.10.2025 | S67: 3331562067 | T67: TNJ | U67: 24141741 | V67: PT. APP PURINUSA EKAPERSADA BANDUNG | W67: JABODETABEK | X67: =2546.186+3163.87+18105.989 -> 23816.045 | Y67: TRONTON | Z67: 1 | AA67: 1 | AB67: MASUK
R68: 17.10.2025 | S68: 3331562071 | T68: = | U68: = | V68: = | W68: = | X68: = | Y68: = | Z68: = | AA68: = | AB68: =
R69: 17.10.2025 | S69: 3331562404 | T69: = | U69: = | V69: = | W69: = | X69: = | Y69: = | Z69: = | AA69: = | AB69: =
R70: 17.10.2025 | S70: 3331562410 | T70: SILOG | U70: 24141742 | V70: PT. ADINA MULTI WAHANA TANGERANG | W70: JABODETABEK NEXT DAY | X70: 25312.972 | Y70: TRONTON | Z70: 1 | AA70: 1 | AB70: MASUK
R71: 15.10.2025 | S71: 3331561675 | T71: ALIEF | U71: 24141743 | V71: MULTI ARTHA ABADI, PT TANGERANG | W71: JABODETABEK | X71: =1130.625+16795.179+7914.375 -> 25840.179 | Y71: TRONTON | Z71: 1 | AA71: 1 | AB71: MASUK
R72: 15.10.2025 | S72: 3331561677 | T72: = | U72: = | V72: = | W72: = | X72: = | Y72: = | Z72: = | AA72: = | AB72: =
R73: 31.10.2025 | S73: 3331562406 | T73: = | U73: = | V73: = | W73: = | X73: = | Y73: = | Z73: = | AA73: = | AB73: =
R74: 17.10.2025 | S74: 3331562412 | T74: ALIEF | U74: 24141744 | V74: PT. ADINA MULTI WAHANA TANGERANG | W74: JABODETABEK NEXT DAY | X74: 25189.931 | Y74: TRONTON | Z74: 1 | AA74: 1 | AB74: MASUK
R75: 17.10.2025 | S75: 3331562550 | T75: YUSHAR | U75: 24141765 | V75: PT. PARAMITRA GUNAKARYA CEMERLANG BOGOR | W75: JABODETABEK | X75: 24880.718 | Y75: TRONTON | Z75: 1 | AA75: 1 | AB75: MASUK | AC75: ADD
R76: 17.10.2025 | S76: 3331562551 | T76: TFT | U76: 24141766 | V76: PT. PARAMITRA GUNAKARYA CEMERLANG BOGOR | W76: JABODETABEK | X76: 26022.223 | Y76: TRONTON | Z76: 1 | AA76: 1 | AB76: MASUK | AC76: ADD
R77: 17.10.2025 | S77: 3331562555 | T77: TFT | U77: 24141767 | V77: PT. PARAMITRA GUNAKARYA CEMERLANG BOGOR | W77: JABODETABEK | X77: 24089.676 | Y77: TRONTON | Z77: 1 | AA77: 1 | AB77: MASUK | AC77: ADD
R78: 17.10.2025 | S78: 3331562561 | T78: TNJ | U78: 24141768 | V78: PT. PARAMITRA GUNAKARYA CEMERLANG BOGOR (KT) | W78: JABODETABEK | X78: 21174.189 | Y78: TRONTON | Z78: 1 | AA78: 1 | AB78: MASUK | AC78: ADD
R79: 17.10.2025 | S79: 3331562564 | T79: ALIEF | U79: 24141769 | V79: PT. PARAMITRA GUNAKARYA CEMERLANG BOGOR | W79: JABODETABEK NEXT DAY | X79: 23618.491 | Y79: TRONTON | Z79: 1 | AA79: 1 | AB79: MASUK
R80: 31.10.2025 | S80: 3331562569 | T80: ELANG | U80: 24141770 | V80: PT. PARAMITRA GUNAKARYA CEMERLANG BOGOR | W80: JABODETABEK NEXT DAY | X80: 23147.491 | Y80: TRONTON | Z80: 1 | AA80: 1 | AB80: MASUK
R81: 17.10.2025 | S81: 3331562573 | T81: ALIEF | U81: 24141771 | V81: PT. PARAMITRA GUNAKARYA CEMERLANG BOGOR (KT) | W81: JABODETABEK NEXT DAY | X81: 22083.51 | Y81: TRONTON | Z81: 1 | AA81: 1 | AB81: MASUK
R82: 17.10.2025 | S82: 3331562531 | T82: SILOG | U82: 24141772 | V82: PT. CARTONINDUS SUMBERJAYA TANGERANG | W82: JABODETABEK | X82: =15520+6322 -> 21842 | Y82: TRONTON | Z82: 1 | AA82: 1 | AB82: MASUK | AC82: ADD
R83: 17.10.2025 | S83: 3331562577 | T83: = | U83: = | V83: = | W83: = | X83: = | Y83: = | Z83: = | AA83: = | AB83: = | AC83: =
U105: 22000
U106: 11000

Sheet 16.09.25
A1: =TODAY() -> 45977 | D1: JAM 7 PAGI - JAM 3 SORE | H1: NEXT DAY | P1: SILOG | Q1: =COUNTIF($C$20:$C$1002,"SILOG") -> 11 | R1: =IFERROR(VLOOKUP(J1,'IN OUT'!L:M,2,FALSE), "BELUM MASUK") -> BELUM MASUK
D2: PLAN AREA | E2: QTY TRUCK | F2: TONASE (MT) | H2: PLAN AREA | I2: QTY TRUCK | J2: TONASE (MT) | P2: SIBA | Q2: =COUNTIF($C$20:$C$1002,"SIBA") -> 0
A3: ALL PLAN TODAY | B3: =SUM(I20:I1116) -> 42 | D3: JABODETABEK | E3: =COUNTIF($F$20:$F$62,"JABODETABEK") -> 20 | F3: =SUMIF($F$20:$F$62, "JABODETABEK", $G$20:$G$1022) -> 490909.97 | H3: JABODETABEK | I3: {=SUMPRODUCT(--(RIGHT($F$20:$F$62,20)="JABODETABEK NEXT DAY"))} -> 0 | J3: =SUMIF(F20:F1022, "JABODETABEK NEXT DAY", G20:G1022) -> 0
A4: TRUCK AVAILABLE | B4: =SUM(J20:J1150) -> 42 | D4: JAWA TENGAH | E4: =COUNTIF($F$20:$F$62, "JAWA TENGAH") -> 2 | F4: =SUMIF($F$20:F62, "JAWA TENGAH", $G$20:$G$1023) -> 77841.766 | H4: JAWA TENGAH | I4: {=SUMPRODUCT(--(RIGHT($F$20:$F$62,20)="JAWA TENGAH NEXT DAY"))} -> 5 | J4: =SUMIF($F$20:$F$62, "JAWA TENGAH NEXT DAY", $G$20:$G$1023) -> 177961.33
A5: SUDAH MASUK | B5: =COUNTIF($K$20:$K$999,"MASUK") -> 36 | D5: JAWA TIMUR | E5: =COUNTIF($F$20:$F$62, "JAWA TIMUR") -> 6 | F5: =SUMIF($F$20:$F$62, "JAWA TIMUR", $G$20:$G$1024) -> 178399.83 | H5: JAWA TIMUR | I5: {=SUMPRODUCT(--(RIGHT($F$20:$F$62,20)="JAWA TIMUR NEXT DAY"))} -> 0 | J5: =SUMIF($F$20:$F$62, "JAWA TIMUR NEXT DAY", $G$20:$G$1024) -> 0
A6: BELUM MASUK | B6: =COUNTIF($K$20:$K$999,"BELUM MASUK") -> 7 | D6: TOTAL PLAN JAM 7-3 | E6: =SUM(E3:E5) -> 28 | F6: =SUM(F3:F5) -> 747151.57 | H6: TOTAL PLAN NEXT DAY | I6: =SUM(I3:I5) -> 5 | J6: =SUM($J$3:$J$5) -> 177961.33
A7: KURANG TRUCK | B7: =(B3-B4) -> 0
D8: DIATAS JAM 3 SORE | H8: INTER ISLAND
A9: TRUCK TYPE | D9: PLAN AREA | E9: QTY TRUCK | F9: TONASE (MT) | H9: PLAN AREA | I9: QTY TRUCK | J9: TONASE (MT)
A10: TRAILER | B10: =SUMIF($H$20:$H$1022, "TRAILER", $I$20:$I$1021) -> 13 | D10: JABODETABEK | E10: =COUNTIF($F$63:$F$1029,"JABODETABEK") -> 1 | F10: =SUMIF(F136:F1029,"JABODETABEK", G22:G1029) -> 0 | H10: BATAM | I10: 3 | J10: 74
A11: TRONTON | B11: =SUMIF($H$20:$H$1023, "TRONTON", $I$20:$I$1022) -> 26 | D11: JAWA TENGAH | E11: =COUNTIF($F$63:$F$1030,"JAWA TENGAH") -> 0 | F11: =SUMIF(F22:F1030, "JAWA TENGAH", G22:G1030) -> 0
A12: HIGH CUBE 40 | B12: =SUMIF($H$20:$H$1023, "CN 40 HC", $I$20:$I$1022) -> 3 | D12: JAWA TIMUR NEXTDAY | E12: =COUNTIF($F$63:$F$1031,"JAWA TIMUR NEXT DAY") -> 4 | F12: =SUMIF(F22:F1031, "JAWA TIMUR NEXT DAY", G22:G1031) -> 163979.51 | H12: AMBIL SENDIRI
A13: WING BOX | B13: 0 | D13: TOTAL PLAN JAM 3 UP | E13: =SUM(E10:E12) -> 5 | F13: =SUM(F10:F12) -> 163979.51 | H13: PLAN AREA | I13: QTY TRUCK | J13: TONASE (MT)
A14: CARRY OVER TRUCK | B14: 0 | H14: AMBIL SENDIRI | I14: =COUNTIF($F$20:$F$108,"COKOT SORANGAN") -> 1 | J14: =SUMIF(F24:F1028,"COKOT SORANGAN",G24:G1028) -> 27404.34
A15: CARRY OVER TONASE | B15: 0 | D15: ALL PLAN | E15: =E6+I6+I10+I14+E13 -> 42
A16: NEXT DAY KEMARIN | D16: TOTAL MT | E16: =F6+J6+F13+J10+J14 -> 1116570.7
A17: AMBIL SENDIRI+NEXTDAY TON
A19: Tanggal | B19: Delivery | C19: Vendor | D19: SN | E19: Name ship-to party | F19: AREA | G19: TOTAL WEIGHT | H19: TRUCK TYPE | I19: QTY KEBUTUHAN | J19: KETERSEDIAAN | K19: GATE IN
A20: 16.09.2025 | B20: 3331552405 | C20: BRJ | D20: 24140598 | E20: PT. APP PURINUSA EKAPERSADA BAWEN | F20: JAWA TENGAH | G20: 38748.857 | H20: =IF(Table134[[#This Row],[TOTAL WEIGHT]]>28000,"TRAILER","TRONTON") -> TRAILER | I20: 1 | J20: 1 | K20: MASUK
A21: 16.09.2025 | B21: 3331552415 | C21: BRJ | D21: 24140599 | E21: PT. APP PURINUSA EKAPERSADA BAWEN | F21: JAWA TENGAH | G21: 39092.909 | H21: =IF(Table134[[#This Row],[TOTAL WEIGHT]]>28000,"TRAILER","TRONTON") -> TRAILER | I21: 1 | J21: 1 | K21: BELUM MASUK
A22: 16.09.2025 | B22: 3331552650 | C22: SILOG | D22: 24140603 | E22: PT. APP PURINUSA EKAPERSADA BDG | F22: JABODETABEK | G22: 26147.952 | H22: =IF(Table134[[#This Row],[TOTAL WEIGHT]]>28000,"TRAILER","TRONTON") -> TRONTON | I22: 1 | J22: 1 | K22: MASUK
A23: 16.09.2025 | B23: 3331552652 | C23: SILOG | D23: 24140604 | E23: PT. APP PURINUSA EKAPERSADA BDG | F23: JABODETABEK | G23: 25054.43 | H23: =IF(Table134[[#This Row],[TOTAL WEIGHT]]>28000,"TRAILER","TRONTON") -> TRONTON | I23: 1 | J23: 1 | K23: MASUK
A24: 16.09.2025 | B24: 3331552655 | C24: SILOG | D24: 24140605 | E24: PT. APP PURINUSA EKAPERSADA BDG | F24: JABODETABEK | G24: 23603.275 | H24: =IF(Table134[[#This Row],[TOTAL WEIGHT]]>28000,"TRAILER","TRONTON") -> TRONTON | I24: 1 | J24: 1 | K24: MASUK
A25: 16.09.2025 | B25: 3331552657 | C25: SILOG | D25: 24140606 | E25: PT. APP PURINUSA EKAPERSADA BDG | F25: JABODETABEK | G25: 24498.615 | H25: =IF(Table134[[#This Row],[TOTAL WEIGHT]]>28000,"TRAILER","TRONTON") -> TRONTON | I25: 1 | J25: 1 | K25: MASUK
A26: 16.09.2025 | B26: 3331552651 | C26: SILOG | D26: 24140612 | E26: PT. APP PURINUSA EKAPERSADA SBG | F26: JABODETABEK | G26: =1850.034+7053.066+16085.94 -> 24989.04 | H26: TRONTON | I26: 1 | J26: 1 | K26: MASUK
A27: 16.09.2025 | B27: 3331552659 | C27: = | D27: = | E27: = | F27: = | G27: = | H27: = | I27: = | J27: = | K27: =
A28: 16.09.2025 | B28: 3331552671 | C28: = | D28: = | E28: = | F28: = | G28: = | H28: = | I28: = | J28: = | K28: =
A29: 16.09.2025 | B29: 3331552661 | C29: ALIEF | D29: 24140608 | E29: PT. PARAMITRA GUNAKARYA CEMERLANG BOGOR | F29: JABODETABEK | G29: 24970.087 | H29: =IF(Table134[[#This Row],[TOTAL WEIGHT]]>28000,"TRAILER","TRONTON") -> TRONTON | I29: 1 | J29: 1 | K29: MASUK
A30: 16.09.2025 | B30: 3331552662 | C30: SILOG | D30: 24140609 | E30: PT. KATI KARTIKA MURNI TANGERANG | F30: JABODETABEK | G30: 26935.65 | H30: =IF(Table134[[#This Row],[TOTAL WEIGHT]]>28000,"TRAILER","TRONTON") -> TRONTON | I30: 1 | J30: 1 | K30: MASUK
A31: 16.09.2025 | B31: 3331552665 | C31: ALIEF | D31: 24140610 | E31: PT. PARAMITRA GUNAKARYA CEMERLANG BOGOR | F31: JABODETABEK | G31: 24638.269 | H31: =IF(Table134[[#This Row],[TOTAL WEIGHT]]>28000,"TRAILER","TRONTON") -> TRONTON | I31: 1 | J31: 1 | K31: MASUK
A32: 16.09.2025 | B32: 3331552670 | C32: SILOG | D32: 24140611 | E32: PT. KATI KARTIKA MURNI TANGERANG | F32: JABODETABEK | G32: 26465.848 | H32: =IF(Table134[[#This Row],[TOTAL WEIGHT]]>28000,"TRAILER","TRONTON") -> TRONTON | I32: 1 | J32: 1 | K32: MASUK
A33: 16.09.2025 | B33: 3331552668 | C33: ALIEF | D33: 24140613 | E33: PT. PARAMITRA GUNAKARYA CEMERLANG BOGOR | F33: JABODETABEK | G33: =5985.7+17710.109 -> 23695.809 | H33: =IF(Table134[[#This Row],[TOTAL WEIGHT]]>28000,"TRAILER","TRONTON") -> TRONTON | I33: 1 | J33: 1 | K33: MASUK
A34: 16.09.2025 | B34: 3331552669 | C34: = | D34: = | E34: = | F34: = | G34: = | H34: = | I34: = | J34: = | K34: =
A35: 16.09.2025 | B35: 3331552676 | C35: KIM | D35: 24140614 | E35: PT PABRIK KERTAS TJIWI KIMIA SIDOARJO | F35: JAWA TIMUR | G35: =6584.27+31220.021 -> 37804.291 | H35: TRAILER | I35: 1 | J35: 1 | K35: MASUK
A36: 16.09.2025 | B36: 3331552679 | C36: = | D36: = | E36: = | F36: = | G36: = | H36: = | I36: = | J36: = | K36: =
A37: 16.09.2025 | B37: 3331552685 | C37: SILOG | D37: 24140615 | E37: PT. PARAMITRA GUNAKARYA CEMERLANG BOGOR | F37: JABODETABEK | G37: 21823.704 | H37: =IF(Table134[[#This Row],[TOTAL WEIGHT]]>28000,"TRAILER","TRONTON") -> TRONTON | I37: 1 | J37: 1 | K37: MASUK
A38: 16.09.2025 | B38: 3331552680 | C38: TFT | D38: 24140616 | E38: PT. KATI KARTIKA MURNI CIKARANG | F38: JABODETABEK | G38: =11565.395+15139.294 -> 26704.689 | H38: TRONTON | I38: 1 | J38: 1 | K38: MASUK
A39: 16.09.2025 | B39: 3331552689 | C39: = | D39: = | E39: = | F39: = | G39: = | H39: = | I39: = | J39: = | K39: =
A40: 16.09.2025 | B40: 3331552703 | C40: KIM | D40: 24140617 | E40: PT PABRIK KERTAS TJIWI KIMIA SIDOARJO | F40: JAWA TIMUR | G40: 39479.967 | H40: =IF(Table134[[#This Row],[TOTAL WEIGHT]]>28000,"TRAILER","TRONTON") -> TRAILER | I40: 1 | J40: 1 | K40: MASUK
A41: 16.09.2025 | B41: 3331552709 | C41: SILOG | D41: 24140618 | E41: PT. APP PURINUSA EKAPERSADA SBG | F41: JABODETABEK | G41: 25825.026 | H41: =IF(Table134[[#This Row],[TOTAL WEIGHT]]>28000,"TRAILER","TRONTON") -> TRONTON | I41: 1 | J41: 1 | K41: MASUK
A42: 16.09.2025 | B42: 3331552710 | C42: ALIEF | D42: 24140619 | E42: PT. APP PURINUSA EKAPERSADA SBG | F42: JABODETABEK | G42: 24931.698 | H42: =IF(Table134[[#This Row],[TOTAL WEIGHT]]>28000,"TRAILER","TRONTON") -> TRONTON | I42: 1 | J42: 1 | K42: MASUK
A43: 16.09.2025 | B43: 3331552718 | C43: YUSHAR | D43: 24140620 | E43: PT. APP PURINUSA EKAPERSADA SBG | F43: JABODETABEK | G43: 24757.66 | H43: =IF(Table134[[#This Row],[TOTAL WEIGHT]]>28000,"TRAILER","TRONTON") -> TRONTON | I43: 1 | J43: 1 | K43: MASUK
A44: 16.09.2025 | B44: 3331552721 | C44: BRJ | D44: 24140621 | E44: PT. APP PURINUSA EKAPERSADA BAWEN | F44: JAWA TENGAH NEXT DAY | G44: 35652.389 | H44: =IF(Table134[[#This Row],[TOTAL WEIGHT]]>28000,"TRAILER","TRONTON") -> TRAILER | I44: 1 | J44: 1 | K44: MASUK
A45: 16.09.2025 | B45: 3331552723 | C45: YUSHAR | D45: 24140622 | E45: PT. APP PURINUSA EKAPERSADA SBG | F45: JABODETABEK | G45: 26038.298 | H45: TRONTON | I45: 1 | J45: 1 | K45: MASUK
A46: 16.09.2025 | B46: 3331552733 | C46: TPILL | D46: 24140633 | E46: PT. ASIA PAPERINDO PERKASA BATAM | F46: INTERISLAND | G46: 24941.376 | H46: CN 40 HC | I46: 1 | J46: 1 | K46: BELUM MASUK
A47: 16.09.2025 | B47: 3331552742 | C47: TPILL | D47: 24140634 | E47: PT. ASIA PAPERINDO PERKASA BATAM | F47: INTERISLAND | G47: 21737.102 | H47: CN 40 HC | I47: 1 | J47: 1 | K47: BELUM MASUK
A48: 16.09.2025 | B48: 3331552743 | C48: TPILL | D48: 24140635 | E48: PT. ASIA PAPERINDO PERKASA BATAM | F48: INTERISLAND | G48: 24162.965 | H48: CN 40 HC | I48: 1 | J48: 1 | K48: BELUM MASUK
A49: 16.09.2025 | B49: 3331552730 | C49: BRJ | D49: 24140623 | E49: PT. APP PURINUSA EKAPERSADA BAWEN | F49: JAWA TENGAH NEXT DAY | G49: 34749.253 | H49: TRAILER | I49: 1 | J49: 1 | K49: MASUK
A50: 16.09.2025 | B50: 3331552732 | C50: BRJ | D50: 24140624 | E50: PT. APP PURINUSA EKAPERSADA BAWEN | F50: JAWA TENGAH NEXT DAY | G50: 35853.228 | H50: TRAILER | I50: 1 | J50: 1 | K50: MASUK
A51: 16.09.2025 | B51: 3331552734 | C51: BRJ | D51: 24140625 | E51: PT. APP PURINUSA EKAPERSADA BAWEN | F51: JAWA TENGAH NEXT DAY | G51: 33601.576 | H51: TRAILER | I51: 1 | J51: 1 | K51: BELUM MASUK
A52: 16.09.2025 | B52: 3331552774 | C52: BRJ | D52: 24140630 | E52: PT. APP PURINUSA EKAPERSADA BAWEN | F52: JAWA TENGAH NEXT DAY | G52: 38104.88 | H52: =IF(Table134[[#This Row],[TOTAL WEIGHT]]>28000,"TRAILER","TRONTON") -> TRAILER | I52: 1 | J52: 1 | K52: MASUK
A53: 16.09.2025 | B53: 3331552756 | C53: TFT | D53: 24140626 | E53: PT. KEDAWUNG SETIA CORRUGATED SURABAYA | F53: JAWA TIMUR | G53: 25738.51 | H53: TRONTON | I53: 1 | J53: 1 | K53: MASUK
A54: 16.09.2025 | B54: 3331552757 | C54: TFT | D54: 24140627 | E54: PT. KEDAWUNG SETIA CORRUGATED SURABAYA | F54: JAWA TIMUR | G54: 25738.51 | H54: TRONTON | I54: 1 | J54: 1 | K54: MASUK
A55: 16.09.2025 | B55: 3331552758 | C55: SILOG | D55: 24140628 | E55: PT. KEDAWUNG SETIA CORRUGATED SURABAYA | F55: JAWA TIMUR | G55: 23900.045 | H55: TRONTON | I55: 1 | J55: 1 | K55: MASUK
A56: 16.09.2025 | B56: 3331552759 | C56: SILOG | D56: 24140629 | E56: PT. KEDAWUNG SETIA CORRUGATED SURABAYA | F56: JAWA TIMUR | G56: 25738.51 | H56: TRONTON | I56: 1 | J56: 1 | K56: MASUK
A57: 16.09.2025 | B57: 3331552791 | C57: YUSHAR | D57: 24140631 | E57: PT. KATI KARTIKA MURNI CIKARANG | F57: JABODETABEK | G57: 25765.102 | H57: TRONTON | I57: 1 | J57: 1 | K57: MASUK
A58: 15.09.2025 | B58: 3331552313 | C58: ALIEF | D58: 24140632 | E58: PT. GLOBAL PAPYRUS SEMESTA BDG | F58: JABODETABEK | G58: =6028.492+8952.152 -> 14980.644 | H58: TRONTON | I58: 1 | J58: 1 | K58: MASUK
A59: 15.09.2025 | B59: 3331552324 | C59: = | D59: = | E59: = | F59: = | G59: = | H59: = | I59: = | J59: = | K59: MASUK
A60: 16.09.2025 | B60: 3331552810 | C60: YUSHAR | D60: 24140636 | E60: CIPTA MULTI BUANA PERKASA, PT TGR | F60: JABODETABEK | G60: =18934.177+5653.125 -> 24587.302 | H60: TRONTON | I60: 1 | J60: 1 | K60: MASUK
A61: 16.09.2025 | B61: 3331552811 | C61: = | D61: = | E61: = | F61: = | G61: = | H61: = | I61: = | J61: = | K61: =
A62: 16.09.2025 | B62: 3331552809 | C62: YUSHAR | D62: 24140637 | E62: CIPTA MULTI BUANA PERKASA, PT TGR | F62: JABODETABEK | G62: 24496.875 | H62: TRONTON | I62: 1 | J62: 1 | K62: MASUK
A63: 16.09.2025 | B63: 3331552800 | C63: KEMILAU | D63: 24140638 | E63: PT. JAWASURYA KENCANAINDAH SEMARANG | F63: COKOT SORANGAN | G63: =1608+25796.34 -> 27404.34 | H63: TRONTON | I63: 1 | J63: 1 | K63: MASUK
A64: 16.09.2025 | B64: 3331552829 | C64: = | D64: = | E64: = | F64: = | G64: = | H64: = | I64: = | J64: = | K64: =
A65: 16.09.2025 | B65: 3331552789 | C65: BLM BOOKING | D65: 24140639 | E65: PT. ADINA MULTI WAHANA TANGERANG | F65: JABODETABEK | G65: =5123.239+13793.094+6337.811 -> 25254.144 | H65: TRONTON | I65: 1 | J65: 1 | K65: MASUK
A66: 16.09.2025 | B66: 3331552792 | C66: = | D66: = | E66: = | F66: = | G66: = | H66: = | I66: = | J66: = | K66: =
A67: 16.09.2025 | B67: 3331552806 | C67: = | D67: = | E67: = | F67: = | G67: = | H67: = | I67: = | J67: = | K67: =
A68: 16.09.2025 | B68: 3331552845 | C68: KIM | D68: 24140640 | E68: PT. UNIVERSAL JASA KEMAS | F68: JAWA TIMUR NEXT DAY | G68: =31420.901+5848.884 -> 37269.785 | H68: =IF(Table134[[#This Row],[TOTAL WEIGHT]]>28000,"TRAILER","TRONTON") -> TRAILER | I68: 1 | J68: 1 | K68: BELUM MASUK
A69: 16.09.2025 | B69: 3331552848 | C69: = | D69: = | E69: = | F69: = | G69: = | H69: = | I69: = | J69: = | K69: =
A70: 16.09.2025 | B70: 3331552849 | C70: KIM | D70: 24140641 | E70: PT. SENTRAL KEMASINDO TEGUH | F70: JAWA TIMUR NEXT DAY | G70: 41728.88 | H70: =IF(Table134[[#This Row],[TOTAL WEIGHT]]>28000,"TRAILER","TRONTON") -> TRAILER | I70: 1 | J70: 1 | K70: MASUK
A71: 16.09.2025 | B71: 3331552850 | C71: KIM | D71: 24140642 | E71: PT. SENTRAL KEMASINDO TEGUH | F71: JAWA TIMUR NEXT DAY | G71: 42490.423 | H71: =IF(Table134[[#This Row],[TOTAL WEIGHT]]>28000,"TRAILER","TRONTON") -> TRAILER | I71: 1 | J71: 1 | K71: BELUM MASUK
A72: 30.09.2025 | B72: 3331552852 | C72: KIM | D72: 24140643 | E72: PT. SENTRAL KEMASINDO TEGUH | F72: JAWA TIMUR NEXT DAY | G72: 42490.423 | H72: =IF(Table134[[#This Row],[TOTAL WEIGHT]]>28000,"TRAILER","TRONTON") -> TRAILER | I72: 1 | J72: 1 | K72: MASUK
B83: KETERANGAN :
B84: * KUNING SUDAH GATE IN | F84: TRUCK TYPE TODAY
B85: * BIRU BLM BOOKING | F85: TRAILER | G85: =SUMIF(H20:H1177, "TRAILER", I20:I1176) -> 13
F86: TRONTON | G86: =SUMIF(H20:H1178,"TRONTON",I20:I1177) -> 26
F87: TOTAL | G87: =SUM(G85:G86) -> 39
F88: CR OVER/SELF PICKUP/NEXT DAY | G88: 0
F89: LUAR PULAU | G89: =I10 -> 3
F90: TOTAL SEMUA | G90: =G88+G89+G87 -> 42

Sheet 17.09.25
A1: =TODAY() -> 45977 | D1: JAM 7 PAGI - JAM 3 SORE | H1: NEXT DAY | P1: SILOG | Q1: =COUNTIF($C$26:$C$1004,"SILOG") -> 8 | R1: =IFERROR(VLOOKUP(J1,'IN OUT'!L:M,2,FALSE), "BELUM MASUK") -> BELUM MASUK
D2: PLAN AREA | E2: QTY TRUCK | F2: TONASE (MT) | H2: PLAN AREA | I2: QTY TRUCK | J2: TONASE (MT) | P2: SIBA | Q2: =COUNTIF($C$26:$C$1004,"SIBA") -> 0
A3: ALL PLAN TODAY | B3: =SUM(I23:I1118) -> 45 | D3: JABODETABEK | E3: =COUNTIF($F$23:$F$67,"JABODETABEK") -> 17 | F3: =SUMIF($F$23:$F$67, "JABODETABEK", $G$23:$G$67) -> 426407.02 | H3: JABODETABEK | I3: {=SUMPRODUCT(--(RIGHT($F$26:$F$6898,20)="JABODETABEK NEXT DAY"))} -> 0 | J3: =SUMIF(F23:F67, "JABODETABEK NEXT DAY", G26:G67) -> 0
A4: TRUCK AVAILABLE | B4: =SUM(J23:J1152) -> 43 | D4: JAWA TENGAH | E4: =COUNTIF($F$23:$F$67, "JAWA TENGAH") -> 3 | F4: =SUMIF($F$23:F67, "JAWA TENGAH", $G$23:$G$67) -> 110799.36 | H4: JAWA TENGAH | I4: {=SUMPRODUCT(--(RIGHT($F$26:$F$6898,20)="JAWA TENGAH NEXT DAY"))} -> 9 | J4: =SUMIF($F$23:$F$67, "JAWA TENGAH NEXT DAY", $G$23:$G$67) -> 242416.69
A5: SUDAH MASUK | B5: =COUNTIF($K$23:$K$1001,"MASUK") -> 31 | D5: JAWA TIMUR | E5: =COUNTIF($F$23:$F$67, "JAWA TIMUR") -> 2 | F5: =SUMIF($F$23:$F$67, "JAWA TIMUR", $G$23:$G$67) -> 79760.208 | H5: JAWA TIMUR | I5: {=SUMPRODUCT(--(RIGHT($F$26:$F$6898,20)="JAWA TIMUR NEXT DAY"))} -> 13 | J5: =SUMIF($F$26:$F$67, "JAWA TIMUR NEXT DAY", $G$26:$G$67) -> 356775.14
A6: BELUM MASUK | B6: =COUNTIF($K$23:$K$1001,"BELUM MASUK") -> 14 | D6: TOTAL PLAN JAM 7-3 | E6: =SUM(E3:E5) -> 22 | F6: =SUM(F3:F5) -> 616966.59 | H6: TOTAL PLAN NEXT DAY | I6: =SUM(I3:I5) -> 22 | J6: =SUM($J$3:$J$5) -> 599191.83
A7: KURANG TRUCK | B7: =(B3-B4) -> 2 | C7: *2TRAILER KENDAL
D8: DIATAS JAM 3 SORE | H8: INTER ISLAND
A9: TRUCK TYPE | D9: PLAN AREA | E9: QTY TRUCK | F9: TONASE (MT) | H9: PLAN AREA | I9: QTY TRUCK | J9: TONASE (MT)
A10: TRAILER | B10: =SUMIF($H$23:$H$1024, "TRAILER", $I$23:$I$1023) -> 27 | D10: JABODETABEK | E10: =COUNTIF($F$68:$F$1031,"JABODETABEK") -> 1 | F10: =SUMIF(F68:F1031,"JABODETABEK", G68:G1031) -> 24957.351 | H10: BATAM | I10: =COUNTIF($F$20:$F$2846, "INTERISLAND") -> 3 | J10: 0 | K10: *MUATJUMAT*
A11: TRONTON | B11: =SUMIF($H$23:$H$1025, "TRONTON", $I$23:$I$1024) -> 18 | D11: JAWA TENGAH | E11: =COUNTIF($F$68:$F$1032,"JAWA TENGAH") -> 0 | F11: =SUMIF(F68:F1032, "JAWA TENGAH NEXT DAY", G68:G1032) -> 63560.9
A12: HIGH CUBE 40 | B12: =SUMIF($H$26:$H$1025, "CN 40 HC", $I$26:$I$1024) -> 0 | D12: JAWA TIMUR | E12: =COUNTIF(F68:F1033,"JAWA TIMUR") -> 0 | F12: =SUMIF(F68:F1033, "JAWA TIMUR NEXT DAY", G68:G1033) -> 166435.64 | H12: AMBIL SENDIRI
A13: WING BOX | B13: 0 | D13: TOTAL PLAN JAM 3 UP | E13: =SUM(E10:E12) -> 1 | F13: =SUM(F10:F12) -> 254953.9 | H13: PLAN AREA | I13: QTY TRUCK | J13: TONASE (MT)
A14: CARRY OVER TRUCK | B14: 1 | H14: AMBIL SENDIRI | I14: =COUNTIF($F$26:$F$110,"COKOT SORANGAN") -> 0 | J14: =SUMIF(F27:F1030,"COKOT SORANGAN",G27:G1030) -> 0
A15: CARRY OVER TONASE | B15: =G26 -> 39092.909 | D15: ALL PLAN TODAY | E15: =E6+I6+I14+E13 -> 45
A16: NEXT DAY KEMARIN | B16: 5 | D16: TOTAL MT | E16: =F6+J6+F13+J10+J14 -> 1471112.3
A17: AMBIL SENDIRI+NEXTDAY TON | B17: =SUM(G23:G28) -> 190559.57
A19: Tanggal | B19: Delivery | C19: Vendor | D19: SN | E19: Name ship-to party | F19: AREA | G19: TOTAL WEIGHT | H19: TRUCK TYPE | I19: QTY KEBUTUHAN | J19: KETERSEDIAAN | K19: GATE IN
A20: 16.09.2025 | B20: 3331552733 | C20: TPILL | D20: 24140633 | E20: PT. ASIA PAPERINDO PERKASA BATAM | F20: INTERISLAND | G20: 24941.376 | H20: CN 40 HC | I20: 1 | J20: 1 | K20: BELUM MASUK
A21: 16.09.2025 | B21: 3331552742 | C21: TPILL | D21: 24140634 | E21: PT. ASIA PAPERINDO PERKASA BATAM | F21: INTERISLAND | G21: 21737.102 | H21: CN 40 HC | I21: 1 | J21: 1 | K21: BELUM MASUK
A22: 16.09.2025 | B22: 3331552743 | C22: TPILL | D22: 24140635 | E22: PT. ASIA PAPERINDO PERKASA BATAM | F22: INTERISLAND | G22: 24162.965 | H22: CN 40 HC | I22: 1 | J22: 1 | K22: BELUM MASUK
A23: 16.09.2025 NEXT DAY | B23: 3331552845 | C23: SILOG | D23: 24140640 | E23: PT. UNIVERSAL JASA KEMAS | F23: JAWA TIMUR | G23: =31420.901+5848.884 -> 37269.785 | H23: =IF(Table1346[[#This Row],[TOTAL WEIGHT]]>28000,"TRAILER","TRONTON") -> TRAILER | I23: 1 | J23: 1 | K23: BELUM MASUK
A24: 16.09.2025 NEXT DAY | B24: 3331552848 | C24: = | D24: = | E24: = | F24: = | G24: = | H24: = | I24: = | J24: = | K24: =
A25: 16.09.2025 NEXT DAY | B25: 3331552850 | C25: KIM | D25: 24140642 | E25: PT. SENTRAL KEMASINDO TEGUH | F25: JAWA TIMUR | G25: 42490.423 | H25: =IF(Table1346[[#This Row],[TOTAL WEIGHT]]>28000,"TRAILER","TRONTON") -> TRAILER | I25: 1 | J25: 1 | K25: MASUK
A26: 16.09.2025 CR OVER | B26: 3331552415 | C26: BRJ | D26: 24140599 | E26: PT. APP PURINUSA EKAPERSADA BAWEN | F26: JAWA TENGAH | G26: 39092.909 | H26: =IF(Table1346[[#This Row],[TOTAL WEIGHT]]>28000,"TRAILER","TRONTON") -> TRAILER | I26: 1 | J26: 1 | K26: MASUK
A27: 16.09.2025 NEXT DAY | B27: 3331552734 | C27: BRJ | D27: 24140625 | E27: PT. APP PURINUSA EKAPERSADA BAWEN | F27: JAWA TENGAH | G27: 33601.576 | H27: TRAILER | I27: 1 | J27: 1 | K27: MASUK
A28: 16.09.2025 NEXT DAY | B28: 3331552774 | C28: BRJ | D28: 24140630 | E28: PT. APP PURINUSA EKAPERSADA BAWEN | F28: JAWA TENGAH | G28: 38104.88 | H28: =IF(Table1346[[#This Row],[TOTAL WEIGHT]]>28000,"TRAILER","TRONTON") -> TRAILER | I28: 1 | J28: 1 | K28: BELUM MASUK
A29: 17.09.2025 | B29: 3331553037 | C29: TFT | D29: 24140646 | E29: PT. PARAMITRA GUNAKARYA CEMERLANG BOGOR | F29: JABODETABEK | G29: 23933.673 | H29: TRONTON | I29: 1 | J29: 1 | K29: MASUK
A30: 17.09.2025 | B30: 3331553041 | C30: TFT | D30: 24140647 | E30: PT. PARAMITRA GUNAKARYA CEMERLANG BOGOR | F30: JABODETABEK | G30: 23988.754 | H30: TRONTON | I30: 1 | J30: 1 | K30: MASUK
A31: 17.09.2025 | B31: 3331553042 | C31: TFT | D31: 24140648 | E31: PT. PARAMITRA GUNAKARYA CEMERLANG BOGOR | F31: JABODETABEK | G31: 23166.035 | H31: TRONTON | I31: 1 | J31: 1 | K31: MASUK
A32: 17.09.2025 | B32: 3331553043 | C32: ALIEF | D32: 24140649 | E32: PT. PARAMITRA GUNAKARYA CEMERLANG BOGOR | F32: JABODETABEK | G32: 25331.085 | H32: TRONTON | I32: 1 | J32: 1 | K32: MASUK
A33: 17.09.2025 | B33: 3331553044 | C33: SILOG | D33: 24140650 | E33: PT. KATI KARTIKA MURNI TANGERANG TANGERANG | F33: JABODETABEK | G33: 25909.53 | H33: TRONTON | I33: 1 | J33: 1 | K33: MASUK
A34: 17.09.2025 | B34: 3331553049 | C34: ALIEF | D34: 24140651 | E34: PT. KATI KARTIKA MURNI TANGERANG TANGERANG | F34: JABODETABEK | G34: 26465.848 | H34: TRONTON | I34: 1 | J34: 1 | K34: MASUK
A35: 17.09.2025 | B35: 3331553050 | C35: BRJ | D35: 24140652 | E35: PT. APP PURINUSA EKAPERSADA BAWEN | F35: JAWA TENGAH NEXT DAY | G35: 31653.031 | H35: TRAILER | I35: 1 | J35: 1 | K35: MASUK
A36: 17.09.2025 | B36: 3331553061 | C36: SILOG | D36: 24140670 | E36: PT. APP PURINUSA EKAPERSADA BAWEN | F36: JAWA TENGAH NEXT DAY | G36: 30007.593 | H36: TRAILER | I36: 1 | J36: 1 | K36: MASUK
A37: 17.09.2025 | B37: 3331553053 | C37: SILOG | D37: 24140653 | E37: PT. KATI KARTIKA MURNI CIKARANG | F37: JABODETABEK | G37: 25807.396 | H37: TRONTON | I37: 1 | J37: 1 | K37: MASUK
A38: 17.09.2025 | B38: 3331553057 | C38: YUSHAR | D38: 24140655 | E38: PT. APP PURINUSA EKAPERSADA SBG | F38: JABODETABEK | G38: 25654.006 | H38: TRONTON | I38: 1 | J38: 1 | K38: MASUK
A39: 18.09.2025 | B39: 3331553066 | C39: SILOG | D39: 24140658 | E39: PT. UNIVERSAL JASA KEMAS (GD) PASURUAN | F39: JAWA TIMUR NEXT DAY | G39: 40876.798 | H39: TRAILER | I39: 1 | J39: 1 | K39: MASUK
A40: 16.09.2025 | B40: 3331552865 | C40: BLM BOOKING | D40: 24140644 | E40: PT. KARYA WANGSA INVESTAMA KENDAL | F40: JAWA TIMUR NEXT DAY | G40: =2137.75+35437.356 -> 37575.106 | H40: TRAILER | I40: 1 | J40: 0 | K40: BELUM MASUK
A41: 16.09.2025 | B41: 3331552866 | C41: = | D41: = | E41: = | F41: = | G41: = | H41: = | I41: = | J41: = | K41: =
A42: 16.09.2025 | B42: 3331552876 | C42: BLM BOOKING | D42: 24140645 | E42: PT. KARYA WANGSA INVESTAMA KENDAL | F42: JAWA TIMUR NEXT DAY | G42: 35918.727 | H42: TRAILER | I42: 1 | J42: 0 | K42: BELUM MASUK
A43: 18.09.2025 | B43: 3331553109 | C43: BRJ | D43: 24140665 | E43: PT. APP PURINUSA EKAPERSADA DEMAK | F43: JAWA TENGAH NEXT DAY | G43: 39222.934 | H43: TRAILER | I43: 1 | J43: 1 | K43: BELUM MASUK
A44: 18.09.2025 | B44: 3331553096 | C44: BRJ | D44: 24140661 | E44: PT. APP PURINUSA EKAPERSADA DEMAK | F44: JAWA TENGAH NEXT DAY | G44: 36556.028 | H44: TRAILER | I44: 1 | J44: 1 | K44: BELUM MASUK
A45: 17.09.2025 | B45: 3331553090 | C45: YUSHAR | D45: 24140659 | E45: PT SENTRALINDO TEGUH GEMILANG BEKASI | F45: JABODETABEK | G45: 25859.349 | H45: TRONTON | I45: 1 | J45: 1 | K45: MASUK
A46: 17.09.2025 | B46: 3331553091 | C46: SILOG | D46: 24140660 | E46: SENTRALINDO TEGUH GEMILANG, PT (GD) CIKARANG | F46: JABODETABEK | G46: 27133.407 | H46: TRONTON | I46: 1 | J46: 1 | K46: MASUK
A47: 17.09.2025 | B47: 3331553104 | C47: SILOG | D47: 24140662 | E47: SENTRALINDO TEGUH GEMILANG, PT (GD) CIKARANG | F47: JABODETABEK | G47: 25980.6 | H47: TRONTON | I47: 1 | J47: 1 | K47: MASUK
A48: 17.09.2025 | B48: 3331551257 | C48: ALIEF | D48: 24140663 | E48: PT. TRISTAR MAKMUR KARTONINDO, GD CIKARANG | F48: JABODETABEK | G48: 27214.906 | H48: TRONTON | I48: 1 | J48: 1 | K48: MASUK
A49: 17.09.2025 | B49: 3331553107 | C49: SILOG | D49: 24140664 | E49: PT SENTRALINDO TEGUH GEMILANG BEKASI | F49: JABODETABEK | G49: 25882.32 | H49: TRONTON | I49: 1 | J49: 1 | K49: MASUK
A50: 08.09.2025 | B50: 3331549325 | C50: SILOG | D50: 24140666 | E50: MULTI ARTHA ABADI, PT TGR | F50: JABODETABEK | G50: =6524.916+7494.285+1743.051 -> 15762.252 | H50: TRONTON | I50: 1 | J50: 1 | K50: MASUK
A51: 17.09.2025 | B51: 3331553094 | C51: = | D51: = | E51: = | F51: = | G51: = | H51: = | I51: = | J51: = | K51: =
A52: 17.09.2025 | B52: 3331553110 | C52: = | D52: = | E52: = | F52: = | G52: = | H52: = | I52: = | J52: = | K52: =
A53: 18.09.2025 | B53: 3331553136 | C53: BRJ | D53: 24140668 | E53: PT. APP PURINUSA EKAPERSADA DEMAK | F53: JAWA TENGAH NEXT DAY | G53: 35567.13 | H53: TRAILER | I53: 1 | J53: 1 | K53: BELUM MASUK
A54: 17.09.2025 | B54: 3331553132 | C54: KIM | D54: 24140671 | E54: PT. SENTRAL KEMASINDO TEGUH MOJOKERTO | F54: JAWA TIMUR NEXT DAY | G54: =16759.96+24126.646 -> 40886.606 | H54: TRAILER | I54: 1 | J54: 1 | K54: MASUK
A55: 17.09.2025 | B55: 3331553150 | C55: = | D55: = | E55: = | F55: = | G55: = | H55: = | I55: = | J55: = | K55: =
A56: 17.09.2025 | B56: 3331553135 | C56: KIM | D56: 24140672 | E56: PT. SENTRAL KEMASINDO TEGUH MOJOKERTO | F56: JAWA TIMUR NEXT DAY | G56: =10261.2+33545.072 -> 43806.272 | H56: TRAILER | I56: 1 | J56: 1 | K56: MASUK
A57: 17.09.2025 | B57: 3331553155 | C57: = | D57: = | E57: = | F57: = | G57: = | H57: = | I57: = | J57: = | K57: =
A58: 17.09.2025 | B58: 3331553163 | C58: ALIEF | D58: 24140673 | E58: PT. PUTRA UNIVERSAL CORRUGATED TANGERANG | F58: JABODETABEK | G58: 26165.809 | H58: TRONTON | I58: 1 | J58: 1 | K58: MASUK
A59: 18.09.2025 | B59: 3331553153 | C59: BRJ | D59: 24140674 | E59: PT. APP PURINUSA EKAPERSADA DEMAK | F59: JAWA TENGAH NEXT DAY | G59: 35438.362 | H59: TRAILER | I59: 1 | J59: 1 | K59: BELUM MASUK
A60: 30.09.2025 | B60: 3331553175 | C60: ALIEF | D60: 24140675 | E60: PT. PUTRA UNIVERSAL CORRUGATED TANGERANG | F60: JABODETABEK | G60: 26587.071 | H60: TRONTON | I60: 1 | J60: 1 | K60: MASUK
A61: 17.09.2025 | B61: 3331553176 | C61: ALIEF | D61: 24140676 | E61: PT. PUTRA UNIVERSAL CORRUGATED TANGERANG | F61: JABODETABEK | G61: 25564.975 | H61: TRONTON | I61: 1 | J61: 1 | K61: MASUK
A62: 18.09.2025 | B62: 3331553177 | C62: BRJ | D62: 24140677 | E62: PT. APP PURINUSA EKAPERSADA DEMAK | F62: JAWA TENGAH NEXT DAY | G62: =1069.378+32902.236 -> 33971.614 | H62: TRAILER | I62: 1 | J62: 1 | K62: BELUM MASUK
A63: 18.09.2025 | B63: 3331553179 | C63: = | D63: = | E63: = | F63: = | G63: = | H63: = | I63: = | J63: = | K63: =
A64: 18.09.2025 | B64: 3331553183 | C64: KIM | D64: 24140678 | E64: PT. UNIVERSAL JASA KEMAS (GD) PASURUAN | F64: JAWA TIMUR NEXT DAY | G64: 42466.781 | H64: TRAILER | I64: 1 | J64: 1 | K64: MASUK
A65: 17.09.2025 | B65: 3331553185 | C65: KIM | D65: 24140679 | E65: PT. UNIVERSAL JASA KEMAS (GD) PASURUAN | F65: JAWA TIMUR NEXT DAY | G65: 43288.18 | H65: TRAILER | I65: 1 | J65: 1 | K65: MASUK
A66: 17.09.2025 | B66: 3331553191 | C66: KIM | D66: 24140680 | E66: PT.SURINDO TEGUH GEMILANG GRESIK | F66: JAWA TIMUR NEXT DAY | G66: 36641.035 | H66: TRAILER | I66: 1 | J66: 1 | K66: BELUM MASUK
A67: 17.09.2025 | B67: 3331553193 | C67: KIM | D67: 24140681 | E67: PT.SURINDO TEGUH GEMILANG GRESIK | F67: JAWA TIMUR NEXT DAY | G67: 35315.63 | H67: TRAILER | I67: 1 | J67: 1 | K67: MASUK
A68: 17.09.2025 | B68: 3331551973 | C68: BAKTI | D68: 24140682 | E68: PT. APP PURINUSA EKAPERSADA BAWEN | F68: JAWA TENGAH NEXT DAY | G68: =20178.266+12256.852 -> 32435.118 | H68: TRAILER | I68: 1 | J68: 1 | K68: BELUM MASUK
A69: 17.09.2025 | B69: 3331553065 | C69: = | D69: = | E69: = | F69: = | G69: = | H69: = | I69: = | J69: = | K69: =
A70: 18.09.2025 | B70: 3331553192 | C70: KIM | D70: 24140683 | E70: PT. CAKRAWALA CEMERLANG BOX MOJOKERTO | F70: JAWA TIMUR NEXT DAY | G70: 42229.351 | H70: TRAILER | I70: 1 | J70: 1 | K70: MASUK
A71: 18.09.2025 | B71: 3331553214 | C71: KIM | D71: 24140685 | E71: PT. UNIVERSAL JASA KEMAS (GD) PASURUAN | F71: JAWA TIMUR NEXT DAY | G71: 43749.934 | H71: TRAILER | I71: 1 | J71: 1 | K71: BELUM MASUK
A72: 17.09.2025 | B72: 3331553215 | C72: ALIEF | D72: 24140684 | E72: PT. PUTRA UNIVERSAL CORRUGATED TGR | F72: JABODETABEK | G72: 24957.351 | H72: TRONTON | I72: 1 | J72: 1 | K72: MASUK
A73: 17.09.2025 | B73: 3331553204 | C73: BRJ | D73: 24140686 | E73: PT. APP PURINUSA EKAPERSADA BAWEN | F73: JAWA TENGAH NEXT DAY | G73: =13762.081+17363.701 -> 31125.782 | H73: TRAILER | I73: 1 | J73: 1 | K73: MASUK
A74: 17.09.2025 | B74: 3331553206 | C74: = | D74: = | E74: = | F74: = | G74: = | H74: = | I74: = | J74: =
A75: 17.09.2025 | B75: 3331553216 | C75: KIM | D75: 24140687 | E75: SURINDO TEGUH GEMILANG, PT (GD) GRESIK | F75: JAWA TIMUR NEXT DAY | G75: 42780.653 | H75: TRAILER | I75: 1 | J75: 1 | K75: BELUM MASUK
A76: 17.09.2025 | B76: 3331553217 | C76: KIM | D76: 24140688 | E76: SURINDO TEGUH GEMILANG, PT (GD) GRESIK | F76: JAWA TIMUR NEXT DAY | G76: 37675.706 | H76: TRAILER | I76: 1 | J76: 1 | K76: BELUM MASUK
B85: KETERANGAN :
B86: * KUNING SUDAH GATE IN | E86: 3032633 | F86: TRUCK TYPE TODAY
B87: * BIRU BLM BOOKING | F87: TRAILER | G87: =SUMIF(H26:H1179, "TRAILER", I26:I1178) -> 25
F88: TRONTON | G88: =SUMIF(H26:H1180,"TRONTON",I26:I1179) -> 18
F89: TOTAL | G89: =SUM(G87:G88) -> 43
F90: CR OVER/SELF PICKUP/NEXT DAY | G90: 0
F91: LUAR PULAU | G91: =I10 -> 3
F92: TOTAL SEMUA | G92: =G90+G91+G89 -> 46

Sheet 19.09.25
A1: =TODAY() -> 45977 | D1: JAM 7 PAGI - JAM 3 SORE | H1: NEXT DAY
D2: PLAN AREA | E2: QTY TRUCK | F2: TONASE (MT) | H2: PLAN AREA | I2: QTY TRUCK | J2: TONASE (MT)
A3: ALL PLAN TODAY | B3: =SUM(I20:I1146) -> 75 | D3: JABODETABEK | E3: =COUNTIF($F$23:$F$477,"JABODETABEK") -> 4 | F3: =SUMIF($F$23:$F$515, "JABODETABEK", $G$23:$G$46) -> 97850.477 | H3: JABODETABEK | I3: {=SUMPRODUCT(--(RIGHT($F$23:$F$6964,20)="JABODETABEK NEXT DAY"))} -> 31 | J3: =SUMIF(F23:F510, "JABODETABEK NEXT DAY", G23:G510) -> 765640.94
A4: TRUCK AVAILABLE | B4: =SUM(J20:J1180) -> 70 | D4: JAWA TENGAH | E4: =COUNTIF($F$23:$F$477, "JAWA TENGAH") -> 9 | F4: =SUMIF($F$23:$F$515, "JAWA TENGAH", $G$23:$G$46) -> 303113.12 | H4: JAWA TENGAH | I4: {=SUMPRODUCT(--(RIGHT($F$23:$F$6926,20)="JAWA TENGAH NEXT DAY"))} -> 14 | J4: =SUMIF(F20:F520, "JAWA TENGAH NEXT DAY", G23:G520) -> 329565.74
A5: SUDAH MASUK | B5: =COUNTIF($K$23:$K$1029,"MASUK") -> 73 | D5: JAWA TIMUR | E5: =COUNTIF($F$23:$F$477,"JAWA TIMUR") -> 8 | F5: =SUMIF($F$23:$F$515, "JAWA TIMUR", $G$23:$G$46) -> 296801.12 | H5: JAWA TIMUR | I5: {=SUMPRODUCT(--(RIGHT($F$23:$F$6926,20)="JAWA TIMUR NEXT DAY"))} -> 6 | J5: =SUMIF(F23:F530, "JAWA TIMUR NEXT DAY", G23:G530) -> 245335.51
A6: BELUM MASUK | B6: =COUNTIF($K$23:$K$1029,"BELUM MASUK") -> 0 | D6: TOTAL PLAN JAM 7-3 | E6: =SUM(E3:E5) -> 21 | F6: =SUM(F3:F5) -> 697764.72 | H6: TOTAL PLAN NEXT DAY | I6: =SUM(I3:I5) -> 51 | J6: =SUM($J$3:$J$5) -> 1340542.2
A7: KURANG TRUCK | B7: =(B3-B4) -> 5 | C7: TRAILER
D8: DIATAS JAM 3 SORE | H8: INTER ISLAND
A9: TRUCK TYPE | D9: PLAN AREA | E9: QTY TRUCK | F9: TONASE (MT) | H9: PLAN AREA | I9: QTY TRUCK | J9: TONASE (MT)
A10: TRAILER | B10: =SUMIF($H$20:$H$1052, "TRAILER", $I$20:$I$1051) -> 30 | D10: JABODETABEK | E10: =COUNTIF($F$157:$F$1059,"JABODETABEK") -> 0 | F10: =SUMIF(F141:F1059,"JABODETABEK", G23:G1059) -> 0 | H10: BATAM | I10: =COUNTIF($F$20:$F$23,"INTERISLAND") -> 3 | J10: 0
A11: TRONTON | B11: =SUMIF($H$20:$H$1053, "TRONTON", $I$20:$I$1052) -> 42 | D11: JAWA TENGAH | E11: =COUNTIF($F$157:$F$1060,"JAWA TENGAH") -> 0 | F11: =SUMIF(F142:F1060,"JABODETABEK", G24:G1060) -> 0
A12: HIGH CUBE 40 | B12: =SUMIF($H$20:$H$1053, "CN 40 HC", $I$20:$I$1052) -> 3 | D12: JAWA TIMUR | E12: =COUNTIF(F157:F1061,"JAWA TIMUR") -> 0 | F12: =SUMIF(F143:F1061,"JABODETABEK", G25:G1061) -> 0 | H12: AMBIL SENDIRI
A13: WING BOX | B13: 0 | D13: TOTAL PLAN JAM 3 UP | F13: =SUM(F10:F12) -> 0 | H13: PLAN AREA | I13: QTY TRUCK | J13: TONASE (MT)
A14: CARRY OVER TRUCK | H14: AMBIL SENDIRI | I14: =COUNTIF($F$23:$F$138,"AMBIL SENDIRI") -> 1 | J14: =SUMIF(F23:F1058,"COKOT SORANGAN",G23:G1058) -> 0
D15: ALL PLAN TODAY | E15: =E6+I6+E13+I10+I14 -> 76
A16: NEXT DAY KEMARIN | D16: TOTAL MT | E16: =F6+J6+F13+J10+J14 -> 2038306.9 | J16: =28+9+9 -> 46
A17: AMBIL SENDIRI+NEXTDAY TON
A19: Tanggal | B19: Delivery | C19: Vendor | D19: SN | E19: Name ship-to party | F19: AREA | G19: TOTAL WEIGHT | H19: TRUCK TYPE | I19: QTY KEBUTUHAN | J19: KETERSEDIAAN | K19: GATE IN | L19: CEK MLS
A20: 19.09.2025 | B20: 3331552733 | C20: TPILL | D20: 24140633 | E20: PT. ASIA PAPERINDO PERKASA BATAM | F20: INTERISLAND | G20: 24941.376 | H20: CN 40 HC | I20: 1 | J20: 1 | K20: MASUK | L20: =VLOOKUP(Table134657[[#This Row],[Delivery]],#REF!,6,FALSE) -> #REF!
A21: 19.09.2025 | B21: 3331552742 | C21: TPILL | D21: 24140634 | E21: PT. ASIA PAPERINDO PERKASA BATAM | F21: INTERISLAND | G21: 21737.102 | H21: CN 40 HC | I21: 1 | J21: 1 | K21: MASUK | L21: =VLOOKUP(Table134657[[#This Row],[Delivery]],#REF!,6,FALSE) -> #REF!
A22: 19.09.2025 | B22: 3331552743 | C22: TPILL | D22: 24140635 | E22: PT. ASIA PAPERINDO PERKASA BATAM | F22: INTERISLAND | G22: 24162.965 | H22: CN 40 HC | I22: 1 | J22: 1 | K22: MASUK | L22: =VLOOKUP(Table134657[[#This Row],[Delivery]],#REF!,6,FALSE) -> #REF!
A23: 17.09.2025 | B23: 3331553216 | C23: KIM | D23: 24140687 | E23: SURINDO TEGUH GEMILANG, PT (GD) GRESIK | F23: JAWA TIMUR | G23: 42780.653 | H23: TRAILER | I23: 1 | J23: 1 | K23: MASUK | L23: =VLOOKUP(Table134657[[#This Row],[Delivery]],#REF!,6,FALSE) -> #REF!
A24: 18.09.2025 | B24: 3331553096 | C24: SILOG | D24: 24140661 | E24: PT. APP PURINUSA EKAPERSADA DEMAK | F24: JAWA TENGAH | G24: 36556.028 | H24: TRAILER | I24: 1 | J24: 1 | K24: MASUK | L24: =VLOOKUP(Table134657[[#This Row],[Delivery]],#REF!,6,FALSE) -> #REF!
A25: 18.09.2025 | B25: 3331553109 | C25: SILOG | D25: 24140665 | E25: PT. APP PURINUSA EKAPERSADA DEMAK | F25: JAWA TENGAH | G25: 39222.934 | H25: TRAILER | I25: 1 | J25: 1 | K25: MASUK | L25: =VLOOKUP(Table134657[[#This Row],[Delivery]],#REF!,6,FALSE) -> #REF!
A26: 18.09.2025 | B26: 3331553136 | C26: SILOG | D26: 24140668 | E26: PT. APP PURINUSA EKAPERSADA DEMAK | F26: JAWA TENGAH | G26: 35567.13 | H26: TRAILER | I26: 1 | J26: 1 | K26: MASUK | L26: =VLOOKUP(Table134657[[#This Row],[Delivery]],#REF!,6,FALSE) -> #REF!
A27: 18.09.2025 | B27: 3331553153 | C27: SILOG | D27: 24140674 | E27: PT. APP PURINUSA EKAPERSADA DEMAK | F27: JAWA TENGAH | G27: 35438.362 | H27: TRAILER | I27: 1 | J27: 1 | K27: MASUK | L27: =VLOOKUP(Table134657[[#This Row],[Delivery]],#REF!,6,FALSE) -> #REF!
A28: 18.09.2025 | B28: 3331553177 | C28: SILOG | D28: 24140677 | E28: PT. APP PURINUSA EKAPERSADA DEMAK | F28: JAWA TENGAH | G28: =1069.378+32902.236 -> 33971.614 | H28: TRAILER | I28: 1 | J28: 1 | K28: MASUK | L28: =VLOOKUP(Table134657[[#This Row],[Delivery]],#REF!,6,FALSE) -> #REF!
A29: 18.09.2025 | B29: 3331553179 | C29: = | D29: = | E29: = | F29: = | G29: = | H29: = | I29: = | J29: = | K29: = | L29: =VLOOKUP(Table134657[[#This Row],[Delivery]],#REF!,6,FALSE) -> #REF!
A30: 19.09.2025 | B30: 3331553568 | C30: SILOG | D30: 24140705 | E30: PT. APP PURINUSA EKAPERSADA DEMAK | F30: JAWA TENGAH | G30: 23740.594 | H30: TRAILER | I30: 1 | J30: 1 | K30: MASUK | L30: =VLOOKUP(Table134657[[#This Row],[Delivery]],#REF!,6,FALSE) -> #REF!
A31: 19.09.2025 | B31: 3331553578 | C31: TFT | D31: 24140711 | E31: PT. APP PURINUSA EKAPERSADA DEMAK | F31: JAWA TENGAH | G31: 26067.202 | H31: TRONTON | I31: 1 | J31: 1 | K31: MASUK | L31: =VLOOKUP(Table134657[[#This Row],[Delivery]],#REF!,6,FALSE) -> #REF!
A32: 19.09.2025 | B32: 3331553585 | C32: SEMERU | D32: 24140713 | E32: PT. APP PURINUSA EKAPERSADA DEMAK | F32: JAWA TENGAH | G32: 37541.967 | H32: TRAILER | I32: 1 | J32: 1 | K32: MASUK | L32: =VLOOKUP(Table134657[[#This Row],[Delivery]],#REF!,6,FALSE) -> #REF!
A33: 18.09.2025 | B33: 3331553575 | C33: YUSHAR | D33: 24140718 | E33: PT. CAKRAWALA CEMERLANG BOX MOJOKERTO | F33: JAWA TIMUR | G33: =9269.032+36462.656 -> 45731.688 | H33: TRAILER | I33: 1 | J33: 1 | K33: MASUK | L33: =VLOOKUP(Table134657[[#This Row],[Delivery]],#REF!,6,FALSE) -> #REF!
A34: 18.09.2025 | B34: 3331553601 | C34: = | D34: = | E34: = | F34: = | G34: = | H34: = | I34: = | J34: = | K34: = | L34: =VLOOKUP(Table134657[[#This Row],[Delivery]],#REF!,6,FALSE) -> #REF!
A35: 18.09.2025 | B35: 3331553550 | C35: SILOG | D35: 24140704 | E35: PT. APP PURINUSA EKAPERSADA BAWEN | F35: JAWA TENGAH | G35: =5504.832+29502.46 -> 35007.292 | H35: TRAILER | I35: 1 | J35: 1 | K35: MASUK | L35: =VLOOKUP(Table134657[[#This Row],[Delivery]],#REF!,6,FALSE) -> #REF!
A36: 18.09.2025 | B36: 3331553554 | C36: = | D36: = | E36: = | F36: = | G36: = | H36: = | I36: = | J36: = | K36: = | L36: =VLOOKUP(Table134657[[#This Row],[Delivery]],#REF!,6,FALSE) -> #REF!
A37: 18.09.2025 | B37: 3331553214 | C37: KIM | D37: 24140685 | E37: PT. UNIVERSAL JASA KEMAS PASURUAN | F37: JAWA TIMUR | G37: 43749.934 | H37: TRAILER | I37: 1 | J37: 1 | K37: MASUK | L37: =VLOOKUP(Table134657[[#This Row],[Delivery]],#REF!,6,FALSE) -> #REF!
A38: 18.09.2025 | B38: 3331552332 | C38: SILOG | D38: 24140719 | E38: PT PABRIK KERTAS TJIWI KIMIA SIDOARJO | F38: JAWA TIMUR | G38: 38577.585 | H38: TRAILER | I38: 1 | J38: 1 | K38: MASUK | L38: =VLOOKUP(Table134657[[#This Row],[Delivery]],#REF!,6,FALSE) -> #REF!
A39: 19.09.2025 | B39: 3331553761 | C39: ALIEF | D39: 24140720 | E39: PT KATI KARTIKA MURNI TANGERANG | F39: JABODETABEK | G39: 23653.575 | H39: TRONTON | I39: 1 | J39: 1 | K39: MASUK | L39: =VLOOKUP(Table134657[[#This Row],[Delivery]],#REF!,6,FALSE) -> #REF!
A40: 19.09.2025 | B40: 3331553762 | C40: TFT | D40: 24140721 | E40: PT KATI KARTIKA MURNI TANGERANG | F40: JABODETABEK NEXT DAY | G40: 25545.861 | H40: TRONTON | I40: 1 | J40: 1 | K40: MASUK | L40: =VLOOKUP(Table134657[[#This Row],[Delivery]],#REF!,6,FALSE) -> #REF!
A41: 19.09.2025 | B41: 3331553763 | C41: ALIEF | D41: 24140722 | E41: PT. KATI KARTIKA MURNI CIKARANG | F41: JABODETABEK | G41: 25417.687 | H41: TRONTON | I41: 1 | J41: 1 | K41: MASUK | L41: =VLOOKUP(Table134657[[#This Row],[Delivery]],#REF!,6,FALSE) -> #REF!
A42: 19.09.2025 | B42: 3331553764 | C42: ALIEF | D42: 24140723 | E42: PT. KATI KARTIKA MURNI CIKARANG | F42: JABODETABEK NEXT DAY | G42: 25980.6 | H42: TRONTON | I42: 1 | J42: 1 | K42: MASUK | L42: =VLOOKUP(Table134657[[#This Row],[Delivery]],#REF!,6,FALSE) -> #REF!
A43: 18.09.2025 | B43: 3331553471 | C43: KIM | D43: 24140698 | E43: PT. SENTRAL KEMASINDO TEGUH MOJOKERTO | F43: JAWA TIMUR | G43: 45192.035 | H43: TRAILER | I43: 1 | J43: 1 | K43: MASUK | L43: =VLOOKUP(Table134657[[#This Row],[Delivery]],#REF!,6,FALSE) -> #REF!
A44: 18.09.2025 | B44: 3331553476 | C44: DEWI SRI | D44: 24140702 | E44: PT. SENTRAL KEMASINDO TEGUH MOJOKERTO | F44: JAWA TIMUR | G44: 39510.65 | H44: TRAILER | I44: 1 | J44: 1 | K44: MASUK | L44: =VLOOKUP(Table134657[[#This Row],[Delivery]],#REF!,6,FALSE) -> #REF!
A45: 18.09.2025 | B45: 3331553465 | C45: KIM | D45: 24140697 | E45: PT. SENTRAL KEMASINDO TEGUH MOJOKERTO | F45: JAWA TIMUR | G45: 41258.575 | H45: TRAILER | I45: 1 | J45: 1 | K45: MASUK | L45: =VLOOKUP(Table134657[[#This Row],[Delivery]],#REF!,6,FALSE) -> #REF!
A46: 19.09.2025 | B46: 3331553772 | C46: SILOG | D46: 24140724 | E46: PT. APP PURINUSA EKAPERSADA SBG | F46: JABODETABEK NEXT DAY | G46: 24421.764 | H46: TRONTON | I46: 1 | J46: 1 | K46: MASUK | L46: =VLOOKUP(Table134657[[#This Row],[Delivery]],#REF!,6,FALSE) -> #REF!
A47: 19.09.2025 | B47: 3331553773 | C47: ALIEF | D47: 24140725 | E47: PT. APP PURINUSA EKAPERSADA SBG | F47: JABODETABEK NEXT DAY | G47: 24984.677 | H47: TRONTON | I47: 1 | J47: 1 | K47: MASUK | L47: =VLOOKUP(Table134657[[#This Row],[Delivery]],#REF!,6,FALSE) -> #REF!
A48: 19.09.2025 | B48: 3331553777 | C48: ALIEF | D48: 24140726 | E48: PT. APP PURINUSA EKAPERSADA SBG | F48: JABODETABEK NEXT DAY | G48: 25504.289 | H48: TRONTON | I48: 1 | J48: 1 | K48: MASUK | L48: =VLOOKUP(Table134657[[#This Row],[Delivery]],#REF!,6,FALSE) -> #REF!
... A60: 19.09.2025 | B60: 3331553834 | C60: DEWI SRI | D60: 24140752 | E60: SURINDO TEGUH GEMILANG, PT (GD) GRESIK | F60: JAWA TIMUR NEXT DAY | G60: 40317.965 | H60: TRAILER | I60: 1 | J60: 1 | K60: MASUK | L60: =VLOOKUP(Table134657[[#This Row],[Delivery]],#REF!,6,FALSE) -> #REF!
A61: 19.09.2025 | B61: 3331553847 | C61: KIM | D61: 24140755 | E61: PT. CAKRAWALA CEMERLANG BOX MOJOKERTO | F61: JAWA TIMUR NEXT DAY | G61: =10552.5+23647.931+3580.312 -> 37780.743 | H61: TRAILER | I61: 1 | J61: 0 | K61: MASUK | L61: =VLOOKUP(Table134657[[#This Row],[Delivery]],#REF!,6,FALSE) -> #REF!
A62: 19.09.2025 | B62: 3331553850 | C62: = | D62: = | E62: = | F62: = | G62: = | H62: = | I62: = | J62: = | K62: = | L62: =VLOOKUP(Table134657[[#This Row],[Delivery]],#REF!,6,FALSE) -> #REF! | N62: CHANGE DARI BRJ ( 3331553799 )
A63: 19.09.2025 | B63: 3331553852 | C63: = | D63: = | E63: = | F63: = | G63: = | H63: = | I63: = | J63: = | K63: = | L63: =VLOOKUP(Table134657[[#This Row],[Delivery]],#REF!,6,FALSE) -> #REF!
A64: 19.09.2025 | B64: 3331553865 | C64: BRJ | D64: 24140757 | E64: PT. APP PURINUSA EKAPERSADA BAWEN | F64: JAWA TENGAH NEXT DAY | G64: 34792.259 | H64: TRAILER | I64: 1 | J64: 1 | K64: MASUK | L64: =VLOOKUP(Table134657[[#This Row],[Delivery]],#REF!,6,FALSE) -> #REF!
A65: 19.09.2025 | B65: 3331553867 | C65: DEWI SRI | D65: 24140758 | E65: PT. APP PURINUSA EKAPERSADA BAWEN | F65: JAWA TENGAH NEXT DAY | G65: 34792.258 | H65: TRAILER | I65: 1 | J65: 1 | K65: MASUK | L65: =VLOOKUP(Table134657[[#This Row],[Delivery]],#REF!,6,FALSE) -> #REF!
A66: 19.09.2025 | B66: 3331553871 | C66: DEWI SRI | D66: 24140759 | E66: PT. APP PURINUSA EKAPERSADA BAWEN | F66: JAWA TENGAH NEXT DAY | G66: 34663.239 | H66: TRAILER | I66: 1 | J66: 1 | K66: MASUK | L66: =VLOOKUP(Table134657[[#This Row],[Delivery]],#REF!,6,FALSE) -> #REF!
A67: 19.09.2025 | B67: 3331553920 | C67: SILOG | D67: 24140762 | E67: PT. APP PURINUSA EKAPERSADA BAWEN | F67: JAWA TENGAH NEXT DAY | G67: 33803.109 | H67: TRAILER | I67: 1 | J67: 1 | K67: MASUK | L67: =VLOOKUP(Table134657[[#This Row],[Delivery]],#REF!,6,FALSE) -> #REF!
A68: 19.09.2025 | B68: 3331553939 | C68: SEMERU | D68: 24140768 | E68: PT. KARYA WANGSA INVESTAMA KENDAL | F68: JAWA TIMUR NEXT DAY | G68: 44892.75 | H68: TRAILER | I68: 1 | J68: 0 | K68: MASUK | L68: =VLOOKUP(Table134657[[#This Row],[Delivery]],#REF!,6,FALSE) -> #REF!
A69: 19.09.2025 | B69: 3331553928 | C69: DEWI SRI | D69: 24140767 | E69: PT. ANUGRAH ANEKABOX & PT. CAKRAWALA CEMERLANG BOX (BONGKAR CCB) | F69: JAWA TIMUR NEXT DAY | G69: =11683.125+30783.6 -> 42466.725 | H69: TRAILER | I69: 1 | J69: 0 | K69: MASUK | L69: =VLOOKUP(Table134657[[#This Row],[Delivery]],#REF!,6,FALSE) -> #REF!
A70: 19.09.2025 | B70: 3331553929 | C70: = | D70: = | E70: = | F70: = | G70: = | H70: = | I70: = | J70: = | K70: = | L70: =VLOOKUP(Table134657[[#This Row],[Delivery]],#REF!,6,FALSE) -> #REF!
A71: 19.09.2025 | B71: 3331553957 | C71: BRJ | D71: 24140771 | E71: PT. ANUGRAH ANEKABOX GRESIK | F71: JAWA TIMUR NEXT DAY | G71: 35774.29 | H71: TRAILER | I71: 1 | J71: 0 | K71: MASUK | L71: =VLOOKUP(Table134657[[#This Row],[Delivery]],#REF!,6,FALSE) -> #REF!
A72: 19.09.2025 | B72: 3331553959 | C72: KEIMILAU | D72: 24140773 | E72: PT. JAWASURYA KENCANAINDAH SEMARANG | F72: AMBIL SENDIRI | G72: =25375.748+1413.281 -> 26789.029 | H72: TRONTON | I72: 1 | J72: 1 | K72: MASUK
A73: 19.09.2025 | B73: 3331553960 | C73: KEIMILAU | D73: = | E73: = | F73: = | G73: = | H73: = | I73: = | J73: = | K73: =
A74: 19.09.2025 | B74: 3331553964 | C74: SILOG | D74: 24140774 | E74: PT. APP PURINUSA EKAPERSADA DEMAK | F74: JAWA TENGAH NEXT DAY | G74: 33818.081 | H74: TRAILER | I74: 1 | J74: 1 | K74: MASUK
A75: 19.09.2025 | B75: 3331553967 | C75: TFT | D75: 24140775 | E75: PT. HEXA PRIMA PERSADA | F75: JABODETABEK | G75: =14660.44+4278.015+4899.384 -> 23837.839 | H75: TRONTON | I75: 1 | J75: 1 | K75: MASUK
A76: 19.09.2025 | B76: 3331553971 | C76: = | D76: = | E76: = | F76: = | G76: = | H76: = | I76: = | J76: = | K76: =
A77: 19.09.2025 | B77: 3331553863 | C77: = | D77: = | E77: = | F77: = | G77: = | H77: = | I77: = | J77: = | K77: =
A78: 19.09.2025 | B78: 3331553991 | C78: YUSHAR | D78: 24140783 | E78: PT. ADINA MULTI WAHANA TANGERANG | F78: JABODETABEK NEXT DAY | G78: 23692.552 | H78: TRONTON | I78: 1 | J78: 1 | K78: MASUK | L78: =VLOOKUP(Table134657[[#This Row],[Delivery]],#REF!,6,FALSE) -> #REF!
A79: 19.09.2025 | B79: 3331553992 | C79: TFT | D79: 24140784 | E79: PT. ADINA MULTI WAHANA TANGERANG | F79: JABODETABEK NEXT DAY | G79: 27562.446 | H79: TRONTON | I79: 1 | J79: 1 | K79: MASUK
A80: 20.09.2025 | B80: 3331553596 | C80: TFT | D80: 24140738 | E80: PT. APP PURINUSA EKAPERSADA DEMAK | F80: JAWA TENGAH NEXT DAY | G80: 34987.208 | H80: TRAILER | I80: 1 | J80: 1 | K80: MASUK | L80: =VLOOKUP(Table134657[[#This Row],[Delivery]],#REF!,6,FALSE) -> #REF!
A81: 20.09.2025 | B81: 3331553602 | C81: BRJ | D81: 24140739 | E81: PT. APP PURINUSA EKAPERSADA DEMAK | F81: JAWA TENGAH NEXT DAY | G81: 35420.218 | H81: TRAILER | I81: 1 | J81: 1 | K81: MASUK | L81: =VLOOKUP(Table134657[[#This Row],[Delivery]],#REF!,6,FALSE) -> #REF!
A82: 20.09.2025 | B82: 3331553632 | C82: BRJ | D82: 24140740 | E82: PT. APP PURINUSA EKAPERSADA DEMAK | F82: JAWA TENGAH NEXT DAY | G82: 34164.489 | H82: TRAILER | I82: 1 | J82: 1 | K82: MASUK | L82: =VLOOKUP(Table134657[[#This Row],[Delivery]],#REF!,6,FALSE) -> #REF!
